,id,danceability,energy,key,loudness,mode,speechiness,acousticness,instrumentalness,liveness,valence,tempo,duration_ms,time_signature,pitch_var,weight_var,name,artists
0,0ByMNEPAPpOR5H69DVrTNy,0.835,0.669,6,-5.582000000000001,0,0.0643,0.0336,6.92e-05,0.0535,0.542,122.66799999999999,267080,4,10.49546180950336,0.01161025559598832,Don't Stop The Music,Rihanna
1,1j3H54xdahpAkNI0q6S89q,0.659,0.696,3,-4.291,1,0.071,0.14300000000000002,0.0,0.13,0.665,86.001,252160,4,12.255971624087234,0.017078019116906987,With You,Chris Brown
2,12VWzyPDBCc8fqeWCAfNwR,0.785,0.617,1,-5.871,1,0.0522,0.00902,0.00246,0.35100000000000003,0.382,103.98100000000001,173987,4,8.953968685583963,0.014025375721031531,One Dance,Drake
3,6C7RJEIUDqKkJRZVWdkfkH,0.625,0.726,10,-7.731,0,0.155,0.00728,0.0,0.318,0.483,103.98,311867,4,10.072725756343695,0.017950617965552338,Stronger,Kanye West
4,66TRwr5uJwPt15mfFkzhbi,0.732,0.7240000000000001,0,-2.104,1,0.10099999999999999,0.511,0.0,0.0491,0.8079999999999999,140.13,221933,4,16.661285170809673,0.01323361773270048,Crank That (Soulja Boy),Soulja Boy
5,49FYlytm3dAAraYgpoJZux,0.583,0.8290000000000001,1,-4.603,1,0.134,0.00864,0.0,0.0426,0.575,174.028,275987,4,12.30368901810856,0.025199095619979395,Umbrella,Rihanna
6,1q9siR3OqGFnTeqFxwzN1S,0.7559999999999999,0.7859999999999999,1,-3.4530000000000003,1,0.0348,0.201,0.0,0.158,0.736,119.962,246467,4,9.363561105330096,0.01439075595163429,The Sweet Escape,Gwen Stefani
7,3pD0f7hSJg2XdQ6udw5Tey,0.687,0.723,7,-4.751,1,0.0709,0.122,0.0010199999999999999,0.573,0.43200000000000005,76.0,448573,4,13.890217225052965,0.010166297534053091,What Goes Around.../...Comes Around (Interlude),Justin Timberlake
8,5fVZC9GiM4e8vu99W0Xf6J,0.64,0.743,10,-4.08,1,0.0379,0.26899999999999996,0.0,0.10099999999999999,0.361,122.035,262533,4,12.597567136013934,0.03798039535167673,How to Save a Life,The Fray
9,0CAfXk7DXMnon4gLudAp7J,0.9179999999999999,0.609,10,-5.64,0,0.0791,0.0928,0.0,0.139,0.304,128.00799999999998,231400,4,8.581098060941827,0.02413851547223313,Low (feat. T-Pain),Flo Rida
10,7wZUrN8oemZfsEd1CGkbXE,0.638,0.6559999999999999,5,-5.886,1,0.0357,0.188,0.0,0.146,0.225,104.036,262467,4,14.80737968703208,0.031545433843579065,Bleeding Love,Leona Lewis
11,1NrJYpdAi7uosDRPmSYrsG,0.591,0.718,8,-6.025,1,0.0368,0.348,0.000118,0.107,0.46799999999999997,117.995,208107,4,12.744010546530998,0.20909778707725385,Apologize,OneRepublic
12,4E6cwWJWZw2zWf7VFbH7wf,0.583,0.7859999999999999,2,-3.142,0,0.0301,0.0208,0.0,0.188,0.573,123.052,258827,4,15.730032020369586,0.12155891676965702,Love Song,Sara Bareilles
13,519tXYJVcrpEMqV2BMbh6E,0.466,0.759,8,-4.978,0,0.19899999999999998,0.0521,0.0,0.0587,0.32799999999999996,160.033,264373,4,15.034463282603,0.0756074601272078,No Air (feat. Chris Brown),Jordin Sparks
14,7tAXHZdp9UpcYrHn7MZqfo,0.672,0.8190000000000001,11,-4.457,1,0.0463,0.0371,0.000184,0.203,0.446,120.01299999999999,278036,4,14.55490537006691,0.022090450650462008,Forever,Chris Brown
15,1mea3bSkSGXuIRvnydlB5b,0.485,0.619,5,-7.115,0,0.0289,0.0941,3.31e-06,0.109,0.41600000000000004,138.017,242373,4,10.250025969529084,0.04714994297104917,Viva La Vida,Coldplay
16,3tvWMBIblzT5FSjKtIeRR1,0.68,0.687,9,-6.162000000000001,0,0.0709,0.0161,0.0,0.261,0.467,150.053,249533,4,17.53594043939801,0.01514105341934292,Whatever You Like,T.I.
17,2VOomzT6VavJOGBeySqaMc,0.7070000000000001,0.813,11,-4.515,0,0.0571,0.0863,0.0,0.168,0.722,124.921,238627,4,15.853600000000002,0.06877493608319,Disturbia,Rihanna
18,7xRNsqOQOgWbHV1nbXnfXN,0.8690000000000001,0.851,9,-6.2010000000000005,1,0.0827,0.15,0.0008730000000000001,0.136,0.395,130.09,251440,4,12.518854137839984,0.011011657817043458,Boom Boom Pow,The Black Eyed Peas
19,4vp2J1l5RD4gMZwGFLfRAu,0.741,0.748,0,-6.2989999999999995,1,0.0264,0.0823,0.0,0.34,0.6,127.965,289133,4,17.341475355985995,0.015353242462245032,I Gotta Feeling,The Black Eyed Peas
20,3E5XrOtqMAs7p2wKhwgOjf,0.818,0.732,1,-4.474,0,0.0334,0.0335,4.95e-05,0.19,0.679,119.00200000000001,241933,4,13.26265157467774,0.021902314140898486,Just Dance,Lady Gaga
21,3GpbwCm3YxiWDvy29Uo3vP,0.72,0.672,7,-6.852,1,0.0551,0.009000000000000001,0.0,0.23199999999999998,0.705,124.986,204640,4,13.043486522587171,0.05334681604659334,Right Round,Flo Rida
22,1EzrEOXmMH3G43AXT1y7pA,0.6859999999999999,0.457,11,-8.322000000000001,1,0.0468,0.595,0.0,0.105,0.718,150.953,242187,4,12.92418510038227,0.019837070876007067,I'm Yours,Jason Mraz
23,58FUwmyGUqkt53YPUcm7cJ,0.593,0.883,8,-4.781000000000001,1,0.18600000000000003,0.0124,0.0,0.177,0.6709999999999999,155.171,326187,4,13.980585968439028,0.014339127114815576,Knock You Down,Keri Hilson
24,6ihL9TjfRjadfEePzXXyVF,0.7140000000000001,0.725,4,-6.4110000000000005,1,0.0402,0.0156,0.0,0.0726,0.59,99.988,213107,4,14.096352149623439,0.054878301015072,Gives You Hell,The All-American Rejects
25,4IoYz8XqqdowINzfRrFnhi,0.33799999999999997,0.8029999999999999,8,-5.412000000000001,0,0.0413,0.0187,0.0,0.136,0.4,151.994,241853,4,12.927821010057388,0.09521711076905982,You Found Me,The Fray
26,16GHcGtW9Io7AuVdNmTjv3,0.375,0.862,11,-3.363,0,0.255,0.071,0.0,0.21100000000000002,0.478,159.841,338853,4,14.482828013041313,0.014273446631744768,Live Your Life - feat. Rihanna,T.I.
27,7LP4Es66zdY7CyjepqmvAg,0.6629999999999999,0.693,11,-4.505,0,0.0311,0.0149,0.0,0.0778,0.71,66.002,212107,4,12.312562928345315,0.016542717757771806,Down,Jay Sean
28,0V8FYVlBFuXXTIvRnMbZyS,0.327,0.588,4,-6.611000000000001,1,0.0336,0.0834,0.0,0.10400000000000001,0.32899999999999996,161.07399999999998,236067,4,8.65796533327924,0.08468202522040955,The Climb,Miley Cyrus
29,4Dm32oO01YpIubCHaAtKkN,0.526,0.882,9,-4.006,1,0.0509,0.0014,0.0,0.14400000000000002,0.424,144.982,211493,4,13.392772617330436,0.04023521594835641,My Life Would Suck Without You,Kelly Clarkson
30,7jk7gqyEonmVVYahZN5zhW,0.7909999999999999,0.733,6,-5.215,0,0.052000000000000005,0.147,0.000381,0.0713,0.7609999999999999,114.98,192360,4,11.703756934751532,0.0579052429617366,Circus,Britney Spears
31,4JehYebiI9JE8sR8MisGVb,0.508,0.72,11,-5.9079999999999995,0,0.0628,0.272,0.0,0.0563,0.47200000000000003,79.983,261640,4,16.101223824340273,0.035903573402681827,Halo,Beyoncé
32,1y4eb6hmAvsqlDOl3fx9kk,0.706,0.841,7,-3.9560000000000004,1,0.0418,7.950000000000001e-05,0.0,0.0688,0.861,132.032,220227,4,10.518052685950414,0.028504532029714737,Hot N Cold,Katy Perry
33,7LR85XLWw2yXqKBSI5brbG,0.561,0.924,1,-1.7719999999999998,1,0.345,0.285,0.0,0.254,0.42100000000000004,86.854,267520,4,10.844131294036774,0.02600739625006249,Run This Town,JAY Z
34,2vVc2G9w2JteBgxpSUVwX5,0.618,0.773,7,-5.15,1,0.0369,0.000624,0.0,0.0813,0.469,113.164,232520,4,11.049466166825292,0.0353366098775434,Let It Rock,Kevin Rudolf
35,7gDKfEMIhyyO4asgEXwcrs,0.835,0.805,1,-2.545,1,0.033,0.0166,0.0,0.345,0.8909999999999999,122.98,243133,4,9.659473590475429,0.016368668846854936,Fire Burning,Sean Kingston
36,2zJZwWF7BTGIIvrAlgzJEx,0.615,0.711,11,-5.507000000000001,1,0.0779,0.0444,0.0,0.145,0.711,144.036,221253,4,14.737698754579974,0.0202767267236985,Whatcha Say,Jason Derulo
37,3FgxTW3HiEqSvR9h1H4q5J,0.617,0.792,6,-4.907,1,0.0302,0.0746,0.0,0.182,0.40299999999999997,90.975,251427,4,13.614554183813446,0.04545327231571041,Sober,P!nk
38,6Hn9Uc1mMNfqChXU3txNke,0.727,0.649,0,-5.356,1,0.0338,0.6609999999999999,0.0,0.111,0.669,129.99200000000002,254533,4,15.55510905317566,0.0761604974564266,Mad,Ne-Yo
39,6fvxos1qSHrIgOkKw4dhWS,0.524,0.878,5,-3.108,0,0.0346,0.0012,0.0,0.098,0.59,130.989,199187,4,16.715783761072792,0.02593322359895049,Waking Up In Vegas,Katy Perry
40,7kMfu3KUydmrFVGEAhjtyl,0.594,0.8740000000000001,0,-3.716,1,0.0815,0.0116,0.0,0.5489999999999999,0.628,119.964,196413,4,9.75797688832053,0.023124689217534692,Good Girls Go Bad (feat. Leighton Meester),Cobra Starship
41,4srpHYFHKjVGRDNHqRpWxi,0.755,0.8320000000000001,2,-2.741,0,0.11599999999999999,0.0746,1.27e-06,0.29100000000000004,0.735,120.03200000000001,199693,4,16.339343311453145,0.0185337265562187,TiK ToK,Kesha
42,0KpfYajJVVGgQ32Dby7e9i,0.675,0.885,1,-4.4319999999999995,0,0.0436,0.217,0.0,0.086,0.768,97.03,216667,4,13.765588637383509,0.036646009487093616,"Hey, Soul Sister",Train
43,6tS3XVuOyu10897O3ae7bi,0.7909999999999999,0.754,0,-3.7289999999999996,1,0.0569,0.00446,0.0,0.163,0.425,125.014,234653,4,19.8129966958317,0.01742935169033553,California Gurls,Katy Perry
44,6lV2MSQmRIkycDScNtrBXO,0.66,0.867,6,-4.285,0,0.11599999999999999,0.11,0.0,0.0368,0.377,93.03299999999999,180480,4,11.830145437606747,0.041944472967299834,Airplanes (feat. Hayley Williams),B.o.B
45,15JINEqzVMv3SvJTAXAKED,0.7490000000000001,0.925,10,-5.034,1,0.22699999999999998,0.24100000000000002,0.0,0.52,0.6409999999999999,86.98899999999999,263373,4,15.381979163114956,0.018589289525865315,Love The Way You Lie,Eminem
46,1DqdF42leyFIzqNDv9CjId,0.754,0.804,4,-3.177,1,0.0853,0.0033200000000000005,0.0,0.0329,0.818,119.96799999999999,203867,4,15.97797745566716,0.09860322548997724,Dynamite,Taio Cruz
47,5P5cGNzqh6A353N3ShDK6Y,0.6970000000000001,0.9209999999999999,0,-3.75,1,0.0391,0.00305,3.65e-05,0.0831,0.721,118.99,294573,4,17.766930383698142,0.018076771794227987,Bad Romance,Lady Gaga
48,1CdqVF1ywD0ZO1zXtB9yWa,0.6659999999999999,0.899,8,-4.676,1,0.027999999999999997,0.00155,0.0,0.0677,0.629,122.05,186267,4,16.470264415982236,0.02539001098196089,Break Your Heart,Taio Cruz
49,59dLtGBS26x7kc0rHbaPrq,0.688,0.853,10,-5.814,1,0.0493,0.386,0.0,0.0862,0.743,103.993,268320,4,12.367142320439026,0.01685824401813413,Nothin' on You (feat. Bruno Mars),B.o.B
50,0TyOpxlWwDx98bjkIVHUgY,0.762,0.748,0,-4.15,0,0.033,0.0266,0.0,0.348,0.851,110.009,199027,4,12.522702872338668,0.025664586428556325,In My Head,Jason Derulo
51,3iL2l5gUqyPS6vDwJFgJTR,0.732,0.659,8,-6.0889999999999995,1,0.225,0.109,0.0,0.141,0.575,148.001,288133,4,14.447381609850533,0.009878889232344598,BedRock,Young Money
52,4nVyHATevhl5RC6Qmoko5H,0.659,0.935,10,-2.739,0,0.107,0.0253,0.0,0.0653,0.73,129.048,231787,4,16.738480192671336,0.015012161681774503,I Like It,Enrique Iglesias
53,1IaYWv32nFFMdljBIjMY5T,0.8270000000000001,0.821,3,-5.864,1,0.0419,0.00748,0.0015,0.115,0.684,122.01700000000001,220627,4,11.92572848983371,0.01380386287868565,Telephone,Lady Gaga
54,55qBw1900pZKfXJ6Q9A2Lc,0.7190000000000001,0.804,10,-4.581,1,0.0355,0.0132,3.02e-06,0.139,0.605,119.999,227760,4,17.098545984813107,0.01495684417530829,Teenage Dream,Katy Perry
55,7BqBn9nzAq8spo5e7cZ0dJ,0.637,0.843,5,-5.412999999999999,1,0.0432,0.0151,0.0,0.0876,0.434,109.012,220733,4,13.16805709156241,0.06475134588004812,Just the Way You Are,Bruno Mars
56,2DPYlWl50ydYsnnuryL5aX,0.8370000000000001,0.515,7,-4.065,0,0.0793,0.10300000000000001,0.0,0.233,0.769,129.001,227840,4,10.78420696697836,0.028526269892712376,Cooler Than Me,Mike Posner
57,2igwFfvr1OAGX9SKDCPBwO,0.504,0.96,8,-1.55,0,0.391,0.0271,0.0,0.545,0.7659999999999999,173.519,276920,4,13.227395846682901,0.039585025115233465,Empire State Of Mind,JAY Z
58,5tXyNhNcsnn7HbcABntOSf,0.6659999999999999,0.878,7,-2.85,0,0.0973,0.03,0.0,0.0828,0.669,119.932,222160,4,15.656829793782698,0.027972330977797756,DJ Got Us Fallin' In Love,Usher
59,2M9ULmQwTaTGmAdXaXpfz5,0.633,0.6729999999999999,6,-6.403,0,0.258,0.297,0.0,0.20600000000000002,0.659,86.77600000000001,211160,4,13.419238548483046,0.01759174680494036,Billionaire (feat. Bruno Mars),Travie McCoy
60,7Ie9W94M7OjPoZVV216Xus,0.855,0.9540000000000001,0,-1.19,0,0.264,0.529,0.0,0.205,0.6679999999999999,114.635,248133,5,13.845123126046758,0.010505788223621342,Not Afraid,Eminem
61,5vlEg2fT4cFWAqU5QptIpQ,0.706,0.7509999999999999,9,-6.3229999999999995,1,0.0708,0.17300000000000001,0.0,0.168,0.195,91.031,182307,4,14.026797097032981,0.014670339747184562,Replay,Iyaz
62,38xWaVFKaxZlMFvzNff2aW,0.63,0.698,10,-4.51,1,0.0244,0.17300000000000001,0.0,0.0789,0.529,94.023,261427,4,13.86700906517201,0.020583475582661902,Breakeven,The Script
63,4AboqNl74jNDpJhPfqYDmj,0.8290000000000001,0.607,1,-3.8760000000000003,1,0.0897,0.0049,0.0,0.0986,0.7659999999999999,120.044,187067,4,15.477514446753151,0.010902457972870828,Your Love Is My Drug,Kesha
64,3DamFFqW32WihKkTVlwTYQ,0.591,0.649,3,-6.72,1,0.0417,0.0294,0.0,0.133,0.489,90.00200000000001,228347,4,14.75683266744915,0.082017304312656,Fireflies,Owl City
65,15pu8u4n3q4BKl4tF20c5v,0.632,0.789,11,-6.61,0,0.0557,0.00043,0.00144,0.35600000000000004,0.35,98.986,274213,4,13.197919079477522,0.022298341635281497,Alejandro,Lady Gaga
66,7ksYJ95P5vP87A0GH34CIk,0.442,0.83,9,-4.02,1,0.146,0.128,0.0,0.129,0.578,89.338,215747,4,14.260319582577512,0.01972053482577094,Ridin' Solo,Jason Derulo
67,3PfeAZbfD134dO6OiLDA2Y,0.46399999999999997,0.7559999999999999,1,-6.093999999999999,1,0.034,0.0413,0.0,0.124,0.0914,180.09400000000002,237987,4,11.499766824586713,0.023852435328251268,Just A Dream - Main,Nelly
68,4fIWvT19w9PR0VVBuPYpWA,0.615,0.733,8,-4.808,1,0.0335,0.152,0.0,0.109,0.7959999999999999,122.58,244587,4,11.476110537190086,0.07046177209044215,Haven't Met You Yet,Michael Bublé
69,2GblQ918RbkOs4Yo1Rpkcj,0.727,0.76,8,-5.114,1,0.0297,0.13,0.0,0.0584,0.54,104.941,228141,4,15.404058582498276,0.020672322234241387,Rolling In The Deep,Adele
70,0IkKz2J93C94Ei4BvDop7P,0.75,0.727,5,-4.21,0,0.142,0.0189,0.0,0.266,0.359,129.993,262173,4,4.809771829793861,0.01804664593072509,Party Rock Anthem,LMFAO
71,4lCv7b86sLynZbXhfScfm2,0.638,0.826,8,-4.968,1,0.0479,0.139,0.0,0.0803,0.649,124.072,227880,4,14.875952738206966,0.027050598435100968,Firework,Katy Perry
72,4z8ssgZfs5TzKiO8HaGWXO,0.603,0.872,5,-5.404,0,0.0792,0.0213,0.0,0.366,0.691,150.10399999999998,206373,4,10.68833206235418,0.0193565175565374,E.T.,Katy Perry
73,4QNpBfC0zvjKqPJcyqBy9W,0.6709999999999999,0.9390000000000001,8,-3.2060000000000004,1,0.161,0.192,0.0,0.298,0.529,129.023,252307,4,14.038110523339991,0.01768590427996587,Give Me Everything,Pitbull
74,2tJulUYLDKOg9XrtVkMgcJ,0.706,0.5579999999999999,2,-7.237,0,0.0593,0.146,0.0,0.11800000000000001,0.22699999999999998,110.443,223253,4,11.053713511994786,0.03486611713359991,Grenade,Bruno Mars
75,7AqISujIaWcY3h5zrOqt5v,0.696,0.875,0,-3.682,1,0.0649,0.134,0.0,0.159,0.772,127.39,222733,4,11.956433203616687,0.01886683179442061,Forget You,CeeLo Green
76,7gKIt3rDGIMJDFVSPBnGmj,0.721,0.867,11,-4.302,1,0.196,0.29,2.87e-06,0.503,0.639,127.03299999999999,200013,4,11.083449622889583,0.010586305826137263,Super Bass,Nicki Minaj
77,7LcfRTgAVTs5pQGEQgUEzN,0.722,0.758,11,-4.477,0,0.0471,0.0111,0.0,0.308,0.62,128.047,201160,4,19.53030570570913,0.012903131748839008,Moves Like Jagger - Studio Recording From The Voice Performance,Maroon 5
78,3JA9Jsuxr4xgHXEawAdCp4,0.483,0.648,0,-8.651,0,0.327,0.187,0.0,0.0812,0.242,93.939,219427,4,13.732940655835517,0.026310133256284843,Just Can’t Get Enough,The Black Eyed Peas
79,0Oe49j06Bjrxs8PltuVeaW,0.758,0.6859999999999999,11,-6.346,1,0.0792,0.0848,0.0012699999999999999,0.142,0.444,130.007,230907,4,14.513651514840221,0.017591289658863682,On The Floor - Radio Edit,Jennifer Lopez
80,08Bfk5Y2S5fCxgxk371Eel,0.758,0.685,1,-4.988,1,0.0431,0.0125,0.000154,0.198,0.813,127.96600000000001,243533,4,16.84049056832281,0.01857570934496168,S&M,Rihanna
81,455AfCsOhhLPRc68sE01D8,0.649,0.815,3,-3.7960000000000003,0,0.0415,0.00125,4.31e-05,0.6709999999999999,0.765,126.03,230747,4,15.56938128109102,0.012723440082483543,Last Friday Night (T.G.I.F.),Katy Perry
82,3rDFqo8yv93PtTmdOYOPzX,0.674,0.87,5,-4.688,0,0.0452,0.0283,6.3e-06,0.145,0.26,125.943,231653,4,9.474002750478112,0.02677300084381549,Tonight (I'm Fuckin' You),Enrique Iglesias
83,12lZTPlXwUtrQuhEty6098,0.7,0.695,7,-4.973,1,0.0897,0.00629,0.0,0.0319,0.633,122.02799999999999,203333,4,15.246857145243744,0.051216064114981266,Raise Your Glass,P!nk
84,6r2BECwMgEoRb5yLfp0Hca,0.5870000000000001,0.828,11,-5.1080000000000005,1,0.161,0.0032700000000000003,0.0,0.331,0.494,123.90700000000001,260253,4,14.980275700418133,0.022113739795540068,Born This Way,Lady Gaga
85,5xZtUAVUVfjBtVtMOgMkyy,0.705,0.7809999999999999,2,-2.927,1,0.0792,0.247,0.0,0.107,0.55,100.008,263173,4,6.534591406132338,0.025232916795077703,What's My Name?,Rihanna
86,7EKTo6rVJ3XSS7QTd6ep2j,0.764,0.6940000000000001,11,-5.745,0,0.18899999999999997,0.0439,3.67e-06,0.18,0.581,146.075,223933,4,8.291675906150187,0.019777444363585157,Look At Me Now,Chris Brown
87,4kflIGfjdZJW4ot2ioixTB,0.5589999999999999,0.33,9,-8.251,1,0.0285,0.892,0.0,0.0975,0.285,135.109,285040,4,11.632029690837154,0.12421538831072244,Someone Like You,Adele
88,6OtCIsQZ64Vs1EbzztvAv4,0.636,0.6990000000000001,6,-7.687,1,0.0551,0.0929,0.0,0.115,0.637,94.96600000000001,253307,4,12.03655010512368,0.014445998284723557,Good Life,OneRepublic
89,1ExfPZEiahqhLyajhybFeS,0.738,0.804,11,-3.8510000000000004,1,0.0621,0.332,0.0,0.27899999999999997,0.9490000000000001,174.94299999999998,190213,4,14.364126222222216,0.018713652785745955,The Lazy Song,Bruno Mars
90,38iU2jg98IZZEIJPrP7aWD,0.693,0.705,8,-5.747000000000001,1,0.0665,0.0228,0.0,0.20199999999999999,0.45,131.951,237947,4,10.93138002707805,0.021627373033333182,Till the World Ends,Britney Spears
91,4NTWZqvfQTlOMitlVn6tew,0.591,0.889,7,-3.839,1,0.115,0.0189,0.0,0.155,0.65,143.067,239613,4,17.613767212725545,0.02406319669143473,The Show Goes On,Lupe Fiasco
92,0JNdS1n0ifOP25XvhwAMgM,0.581,0.772,9,-6.544,1,0.0401,0.000343,0.0191,0.11,0.361,127.95200000000001,320587,4,16.70140350877193,0.041974877684276005,The Edge Of Glory,Lady Gaga
93,5jaz6aiRknA63NIYWdbr2O,0.7390000000000001,0.818,8,-5.062,1,0.0418,0.008,0.00504,0.16399999999999998,0.713,119.98200000000001,204827,4,13.692097421782274,0.02331459747810977,We R Who We R,Kesha
94,5A6OHHy73AR5tLxgTc98zz,0.684,0.8340000000000001,2,-4.524,0,0.0675,0.0646,0.0,0.271,0.5379999999999999,164.02,217667,4,11.954649187609695,0.018235259007940863,Black and Yellow,Wiz Khalifa
95,2i0AUcEnsDm3dsqLrFWUCq,0.6859999999999999,0.7829999999999999,4,-4.977,1,0.11900000000000001,0.0764,0.0,0.163,0.8140000000000001,99.978,200467,4,11.215861190079405,0.021864486891149004,Tonight Tonight,Hot Chelle Rae
96,5FQazQxWUHsJ8QDaXLdFzR,0.752,0.73,11,-3.897,0,0.0412,0.0027199999999999998,3.6200000000000006e-05,0.175,0.769,120.03200000000001,218825,4,19.802901533629587,0.019510013066174742,Blow,Kesha
97,5zpDHEU12zATwLGvozxPw2,0.6509999999999999,0.6709999999999999,0,-8.183,1,0.27,0.34299999999999997,0.0,0.11900000000000001,0.161,90.135,303813,4,13.957439277854213,0.03393523309519445,Lighters,Bad Meets Evil
98,0qOnSQQF0yzuPWsXrQ9paz,0.6459999999999999,0.795,9,-3.293,1,0.0976,0.0319,0.0,0.267,0.7959999999999999,89.99,210960,4,13.528477897761743,0.018485274188053426,Stereo Hearts (feat. Adam Levine),Gym Class Heroes
99,6Iocm6VMu6bVNYwiDoyQFW,0.353,0.8220000000000001,7,-1.8659999999999999,1,0.23199999999999998,0.155,0.0,0.332,0.237,167.905,238693,4,15.140723479523649,0.02256118891478015,Coming Home,Diddy - Dirty Money
100,6jAsmDJI8iPhGWtS27kZ67,0.78,0.7140000000000001,11,-4.155,0,0.0382,0.11900000000000001,4.1e-06,0.217,0.6659999999999999,125.92399999999999,235520,4,18.419429502185174,0.10053690055892237,Only Girl (In The World),Rihanna
101,4wCmqSrbyCgxEXROQE6vtV,0.857,0.517,0,-6.972,1,0.0384,0.565,0.000195,0.102,0.754,129.063,244973,4,11.1148733386258,0.014791008638636484,Somebody That I Used To Know,Gotye
102,7a86XRg84qjasly9f6bPSD,0.37799999999999995,0.638,10,-5.5760000000000005,1,0.075,0.02,7.659999999999999e-05,0.0849,0.735,184.08599999999998,250627,4,13.526135164890848,0.061986875271160174,We Are Young (feat. Janelle Monáe),fun.
103,1LmN9SSHISbtp9LoaR5ZVJ,0.7390000000000001,0.7559999999999999,4,-4.828,1,0.0394,0.0136,0.0,0.37,0.523,110.02799999999999,231387,4,11.208498295463393,0.02572519188447769,Payphone,Maroon 5
104,7gUpO6td4OOnu0Lf9vhcIV,0.6829999999999999,0.789,8,-6.132000000000001,0,0.0353,0.0283,0.0492,0.11199999999999999,0.809,120.01299999999999,211800,4,9.693599565219454,0.010645268248256012,Lights - Single Version,Ellie Goulding
105,1OXfWI3FQMdsKKC6lkvzSx,0.698,0.8440000000000001,7,-4.5489999999999995,0,0.067,0.0577,1.6899999999999997e-05,0.105,0.446,126.93700000000001,198467,4,13.31804069229753,0.059299573166889386,Glad You Came,The Wanted
106,6D60klaHqbCl9ySc8VcRss,0.562,0.9390000000000001,0,-4.282,1,0.0475,0.046,0.0,0.11199999999999999,0.684,116.044,221947,4,18.94343126260182,0.03661209041929177,Stronger (What Doesn't Kill You),Kelly Clarkson
107,0385HqYimoTQaHZP17KwG1,0.738,0.7759999999999999,1,-4.808,1,0.0392,0.0234,0.0018,0.0775,0.608,127.984,215520,4,13.247299657517535,0.02616249861723731,We Found Love (feat. Rihanna),Calvin Harris
108,1LbhI0PgXF5kyJEE88xoUU,0.757,0.7170000000000001,11,-2.36,0,0.0761,0.11699999999999999,0.0,0.247,0.696,125.041,210813,4,15.631626247428994,0.02788924272989729,Starships,Nicki Minaj
109,3SPDQfj2UfWq6A2NllZnzn,0.7290000000000001,0.7709999999999999,4,-2.451,1,0.0725,0.00761,0.0,0.087,0.873,125.01100000000001,198053,4,14.369073724007563,0.020745068437636842,What Makes You Beautiful,One Direction
110,5Z7ygHQo02SUrFmcgpwsKW,0.624,0.889,5,-3.772,0,0.0504,0.10099999999999999,0.0,0.22699999999999998,0.45,127.01899999999999,233688,4,13.098185578336807,0.031020983053384438,Wild Ones (feat. Sia),Flo Rida
111,3CKCZ9pfwAfoMZlMncA1Nc,0.61,0.6829999999999999,2,-3.8789999999999996,0,0.0253,0.0038200000000000005,1.79e-06,0.125,0.466,108.00299999999999,241693,4,10.922878803888421,0.07545446807523076,Set Fire to the Rain,Adele
112,0obBFrPYkSoBJbvHfUIhkv,0.7070000000000001,0.861,7,-4.225,1,0.316,0.1,0.0,0.191,0.795,130.02100000000002,199480,4,11.860599527470136,0.01308684307655095,Sexy And I Know It,LMFAO
113,6t6oULCRS6hnI7rm0h5gwl,0.672,0.738,0,-7.045,1,0.0506,0.0178,6.75e-05,0.0927,0.392,107.93799999999999,277040,4,18.08200256627655,0.04207560857397463,Some Nights,fun.
114,5JLv62qFIS1DR3zGEcApRt,0.514,0.6829999999999999,5,-5.099,1,0.0367,0.0749,2.64e-06,0.392,0.575,159.814,220947,4,14.921336913920744,0.034053738205294816,Wide Awake,Katy Perry
115,3NcO4jGK1Opb5ea0mYLpxb,0.706,0.89,1,-4.444,0,0.0688,0.0588,0.00286,0.306,0.684,128.011,248133,4,13.35201476569895,0.02035158733312101,Good Feeling,Flo Rida
116,0ltBH1JNzSvQJPjJpvTu9B,0.754,0.9329999999999999,0,-5.7860000000000005,1,0.0448,0.0199,0.0,0.297,0.75,103.992,225000,4,16.025465504085513,0.012948400086079748,Whistle,Flo Rida
117,4XNrMwGx1SqP01sqkGTDmo,0.71,0.8,5,-3.4389999999999996,0,0.0339,0.0563,0.0,0.0834,0.635,93.01,219467,4,10.196861867157656,0.020999998181428253,One More Night,Maroon 5
118,1wAXODAAL6hY64ZdhrnjBO,0.759,0.8490000000000001,1,-3.198,0,0.0317,0.000983,1.51e-05,0.0864,0.73,122.03299999999999,196627,4,15.506105789254475,0.13639145311109924,Drive By,Train
119,3tyPOhuVnt5zd5kGfxbCyL,0.7190000000000001,0.847,0,-6.34,0,0.0916,0.00201,0.0204,0.223,0.444,127.963,242680,4,14.306652072593742,0.022987882295248282,Where Have You Been,Rihanna
120,77TT8Xvx637TpzV8kKGkUw,0.599,0.8029999999999999,0,-3.641,0,0.0986,0.069,0.13699999999999998,0.129,0.233,126.057,245041,4,14.748203073243088,0.06368311830770612,Titanium (feat. Sia),David Guetta
121,05pKAafT85jeeNhZ6kq7HT,0.585,0.303,4,-10.058,1,0.0398,0.6940000000000001,0.0,0.115,0.142,136.703,240166,3,11.047534688505648,0.06644166281681017,I Won't Give Up,Jason Mraz
122,4rMNgxEwGWoPHIUcvB5BrB,0.574,0.8240000000000001,2,-6.885,1,0.0463,0.359,0.0,0.0816,0.434,149.981,257848,4,10.179352829560731,0.03519874946016744,It Will Rain,Bruno Mars
123,0171XsIM2xyeXRr6wsugEI,0.7170000000000001,0.55,10,-6.019,0,0.0521,0.0358,0.00196,0.126,0.332,96.976,171333,4,14.040565213320429,0.02016977343640804,Boyfriend,Justin Bieber
124,4sK96UnGx3NjBaqvfTG2dm,0.579,0.731,11,-4.16,0,0.0452,0.0137,0.0,0.113,0.284,126.07,256560,4,10.738301448937086,0.05516689332150861,Too Close,Alex Clare
125,1nZzRJbFvCEct3uzu04ZoL,0.6779999999999999,0.9179999999999999,5,-4.63,1,0.0355,0.000417,0.0,0.0744,0.769,130.028,216160,4,16.58229561529216,0.02268448573805416,Part Of Me,Katy Perry
126,5HQVUIKwCEXpe7JIHyY734,0.715,0.655,0,-6.425,1,0.13699999999999998,0.0525,0.0,0.115,0.531,95.07799999999999,207333,4,13.160930614971544,0.017466680516495022,"Young, Wild & Free (feat. Bruno Mars)",Snoop Dogg
127,0zlD8JjDsFUUmofqPE83Cj,0.703,0.7859999999999999,8,-2.2430000000000003,1,0.0561,0.0666,0.0,0.5529999999999999,0.475,127.954,199689,4,16.863853089283914,0.03162345026917486,Turn Me On (feat. Nicki Minaj),David Guetta
128,0pwYLVXVknPSGUQb39cePC,0.5710000000000001,0.873,0,-3.3819999999999997,0,0.0997,0.0807,0.0,0.361,0.613,139.691,229467,4,16.77625190733805,0.029674945489116443,As Long As You Love Me,Justin Bieber
129,1kPpge9JDLpcj15qgrPbYX,0.5589999999999999,0.882,3,-4.281000000000001,1,0.157,0.0314,1.7100000000000002e-05,0.605,0.634,126.064,205933,4,14.501957993530109,0.0388004370164108,Good Time,Owl City
130,3sP3c86WFjOzHHnbhhZcLA,0.643,0.695,6,-3.0989999999999998,1,0.0463,0.23600000000000002,0.0,0.145,0.65,123.02600000000001,205347,4,13.369406287155206,0.03529931928874438,Give Your Heart a Break,Demi Lovato
131,2KpCpk6HjXXLb7nnXoXA5O,0.757,0.882,1,-6.125,1,0.248,0.0763,0.0,0.251,0.684,140.047,219320,4,10.542768595041323,0.01839036462594835,Ni**as In Paris,JAY Z
132,1CmUZGtH29Kx36C1Hleqlz,0.7809999999999999,0.526,6,-6.985,0,0.293,0.0619,0.0,0.0457,0.662,94.992,235613,4,14.999706828486636,0.012184891087053165,Thrift Shop (feat. Wanz),Macklemore & Ryan Lewis
133,4G8gkOterJn0Ywt6uhqbhp,0.44799999999999995,0.784,9,-3.6860000000000004,1,0.0627,0.106,0.00010800000000000001,0.6679999999999999,0.23600000000000002,136.245,186813,4,15.171897791861575,0.04894662805038729,Radioactive,Imagine Dragons
134,3bidbhpOYeV4knp8AIu8Xn,0.6409999999999999,0.922,2,-4.457,1,0.0786,0.0291,0.0,0.0862,0.847,146.078,258343,4,9.553238411740196,0.01437648217378344,Can't Hold Us - feat. Ray Dalton,Macklemore & Ryan Lewis
135,4YMqbFcDIFiCBd02PzUBcM,0.7809999999999999,0.526,6,-6.985,0,0.293,0.0619,0.0,0.0457,0.662,94.992,235613,4,14.999706828486636,0.012184891087053165,Thrift Shop (feat. Wanz),Macklemore & Ryan Lewis
136,2JZKXgq5zsokN01KWyiY6n,0.574,0.512,5,-6.664,0,0.0503,0.23399999999999999,0.0,0.0946,0.512,76.899,484147,4,12.548818913102643,0.020924330948197217,Mirrors,Justin Timberlake
137,4VC5nFbYO4avKksJ9jN4pY,0.778,0.547,2,-7.273,1,0.0489,0.34600000000000003,0.000302,0.132,0.441,95.00200000000001,242733,4,12.528461025231039,0.10104894015213824,Just Give Me a Reason (feat. Nate Ruess),P!nk
138,6F5c58TMEs1byxUstkzVeM,0.5539999999999999,0.772,7,-4.821000000000001,0,0.0418,0.00487,6.6e-06,0.354,0.455,179.984,223546,4,14.523790595945249,0.031734296314339334,Roar,Katy Perry
139,2eP6GhdRE1Ydnw2uXzo7q8,0.452,0.794,0,-5.151,1,0.0483,0.0111,0.00182,0.41600000000000004,0.282,137.825,196664,4,12.609055424627558,0.024931710642545738,Harlem Shake,Baauer
140,0nJW01T7XtvILxQgC5J7Wh,0.612,0.28,0,-8.648,1,0.0434,0.932,0.0,0.08800000000000001,0.387,72.795,213827,4,9.903058704963467,0.1420831785554399,When I Was Your Man,Bruno Mars
141,0i5el041vd6nxrGEU8QRxy,0.457,0.948,10,-3.364,1,0.0354,0.0191,0.0,0.0536,0.878,148.0,208960,4,9.10173157866695,0.09249441321530397,Cruise,Florida Georgia Line
142,3w3y8KPTfNeOKPiqUTakBh,0.726,0.698,5,-4.165,1,0.0431,0.049,0.0,0.309,0.867,143.994,233478,4,11.016648151354262,0.023165396513072773,Locked Out of Heaven,Bruno Mars
143,69kOkLUCkxIZYexIgSG8rq,0.81,0.7929999999999999,6,-9.404,0,0.0403,0.0378,1.82e-06,0.07200000000000001,0.863,116.04899999999999,369627,4,14.94074777817784,0.010610556295325832,Get Lucky,Daft Punk
144,2dLLR6qlu5UJ5gk0dKz0h3,0.616,0.43200000000000005,7,-9.546,1,0.133,0.106,0.0,0.132,0.302,84.77799999999999,190185,4,8.935205786487796,0.03696510744056719,Royals,Lorde
145,2y4lAQpi5VTNLu2ldeTdUH,0.613,0.622,1,-5.794,0,0.0334,0.00882,0.0,0.37,0.484,80.003,231240,4,12.303366945005875,0.03555414476216644,We Can't Stop,Miley Cyrus
146,2vwlzO0Qp8kfEtzTsCXfyE,0.53,0.42200000000000004,5,-6.2620000000000005,1,0.0342,0.40700000000000003,0.0,0.107,0.349,119.964,221360,4,14.204273088577352,0.05076621547378251,Wrecking Ball,Miley Cyrus
147,4h8VwCb1MTGoLKueQ1WgbD,0.518,0.784,2,-5.659,1,0.0524,0.00346,0.00187,0.171,0.588,124.102,247427,4,13.486981253004325,0.06208976461501482,Wake Me Up,Avicii
148,6dEnpbXyamib2EJnRhTt0G,0.795,0.596,11,-3.799,0,0.21899999999999997,0.10300000000000001,0.0,0.16399999999999998,0.35700000000000004,101.985,326280,4,12.603029693139586,0.013296057663446766,Suit & Tie,Justin Timberlake
149,37jTPJgwCCmIGMPB45jrPV,0.685,0.539,2,-6.9639999999999995,0,0.0908,0.0635,8.12e-06,0.249,0.157,145.075,338413,4,9.742800036284446,0.021674611692796608,Holy Grail,JAY Z
150,60wwxj6Dd9NJlirf84wr2c,0.509,0.7809999999999999,8,-3.48,1,0.07200000000000001,0.0398,0.0,0.0749,0.17600000000000002,128.0,271427,4,13.876221616588463,0.053254557641982884,Clarity,Zedd
151,2iJuuzV8P9Yz0VSurttIV5,0.772,0.685,5,-6.849,1,0.0696,0.019,8.96e-05,0.131,0.501,130.033,283400,4,13.438283587279358,0.016952866617893192,Scream & Shout,will.i.am
152,043bfUkTydw0xJ5JjOT91w,0.632,0.88,2,-4.051,1,0.0463,0.0144,0.0021,0.11800000000000001,0.33799999999999997,129.007,403493,4,14.292240998959418,0.031134485679446412,Don't You Worry Child,Swedish House Mafia
153,7Kt59L2ZZGtOnIhvMwzG6f,0.555,0.7090000000000001,11,-4.928,0,0.0452,0.00118,0.0,0.113,0.387,91.98200000000001,225147,4,13.458503215680926,0.03898460831301797,Diamonds,Rihanna
154,6Z8R6UsFuGXGtiIxiD8ISb,0.6559999999999999,0.821,0,-4.838,1,0.0325,0.000194,0.00232,0.10099999999999999,0.7909999999999999,117.948,192790,5,15.987319966162426,0.025757257062953832,Safe And Sound,Capital Cities
155,55h7vJchibLdUkxdlX3fK7,0.8740000000000001,0.6920000000000001,5,-5.28,0,0.0431,0.0412,7.240000000000001e-05,0.324,0.937,116.01700000000001,178560,4,13.302363863693007,0.013230689574643179,Treasure,Bruno Mars
156,3VZQshi4COChhXaz7cLP02,0.7140000000000001,0.905,8,-2.6630000000000003,1,0.0289,0.00855,2.55e-05,0.146,0.838,125.927,155337,4,13.164052791277669,0.022825843843801062,I Love It (feat. Charli XCX) - Original Version,Icona Pop
157,6V2D8Lls36APk0THDjBDfE,0.794,0.522,8,-7.829,1,0.159,0.0328,0.0,0.156,0.5670000000000001,86.318,174133,4,13.414966444824508,0.014549026680954182,Started From the Bottom,Drake
158,06EL94D0TA27Ik0Ke5usbj,0.644,0.879,5,-3.179,0,0.147,0.325,0.0,0.0742,0.83,82.51799999999999,227027,4,11.150143400631551,0.026722696410712427,The Way,Ariana Grande
159,6LoQHIo74tOzQ8EsLEkhgF,0.546,0.787,7,-4.1,0,0.0517,0.0101,0.00021,0.0809,0.573,79.979,231987,4,15.444273569994447,0.023425100413589386,Come & Get It,Selena Gomez
160,6TwfdLbaxTKzQi3AgsZNzx,0.657,0.679,2,-5.511,1,0.0269,0.00246,0.0,0.21100000000000002,0.331,120.007,225307,4,10.072261642854649,0.021370537493495264,Daylight,Maroon 5
161,14Rcq31SafFBHNEwXrtR2B,0.7759999999999999,0.413,6,-7.438,0,0.0952,0.00415,2.68e-05,0.0724,0.287,100.00299999999999,227880,4,14.521541578663989,0.033741266077468864,"Hold On, We're Going Home",Drake
162,0Hf4aIJpsN4Os2f0y0VqWl,0.6729999999999999,0.758,7,-3.6319999999999997,1,0.158,0.039,0.0,0.341,0.542,135.95600000000002,229507,4,13.740470801267538,0.014293194111488909,Feel This Moment (feat. Christina Aguilera),Pitbull
163,2Zj4FUsMtu9PMuJsHbGbdv,0.669,0.78,7,-4.287,0,0.053,0.0265,1.63e-06,0.14300000000000002,0.738,139.945,212333,4,8.962370046412834,0.034972982087049666,Applause,Lady Gaga
164,7s0lDK7y3XLmI7tcsRAbW0,0.5579999999999999,0.924,9,-4.341,0,0.064,0.0271,3.32e-06,0.537,0.5670000000000001,151.99,186827,4,17.484365432098766,0.01665211515538963,My Songs Know What You Did In The Dark (Light Em Up),Fall Out Boy
165,190jyVPHYjAqEaOGmMzdyk,0.601,0.843,0,-4.87,1,0.0593,0.000704,5.27e-05,0.0681,0.534,128.002,227987,4,11.623648170011807,0.039238597356214544,Beauty And A Beat,Justin Bieber
166,7hahuQzS2zMEzEBZC9fyy3,0.684,0.29100000000000004,8,-18.327,1,0.14800000000000002,0.7140000000000001,0.000176,0.687,0.34,85.01700000000001,330530,4,10.918903509468102,0.04542964301776759,Same Love,Macklemore & Ryan Lewis ft. Mary Lambert
167,24LS4lQShWyixJ0ZrJXfJ5,0.573,0.929,8,-3.9419999999999997,0,0.109,0.19699999999999998,0.00011200000000000001,0.0567,0.5820000000000001,127.934,212560,4,10.971124741735537,0.08099880471331355,Sweet Nothing (feat. Florence Welch),Calvin Harris
168,6PUIzlqotEmPuBfjbwYWOB,0.564,0.8109999999999999,1,-5.734,0,0.0513,0.0153,8.72e-06,0.125,0.114,126.007,214912,4,13.648724826731662,0.0501326356990231,Summertime Sadness (Lana Del Rey Vs. Cedric Gervais) - Cedric Gervais Remix,Lana Del Rey
169,5L79aNYCTKiZq7vaOElXYj,0.662,0.65,6,-5.981,1,0.0383,0.129,0.0,0.113,0.48100000000000004,117.992,209693,4,12.100413948691768,0.05069174082670596,"Gone, Gone, Gone",Phillip Phillips
170,4rsW3WCZBGwhHfJWuHRwyT,0.607,0.816,0,-6.02,1,0.0306,0.023,1.1599999999999999e-05,0.136,0.355,121.029,210173,4,13.228869621847405,0.04447129872999751,Home,Phillip Phillips
171,6BtmXhTJMM9sBTHeYYASGz,0.6559999999999999,0.884,2,-4.748,1,0.0372,0.0162,0.0,0.145,0.86,105.009,237987,4,12.020459171841589,0.034209427543682364,It's Time,Imagine Dragons
172,1V6gIisPpYqgFeWbMLI0bA,0.504,0.785,8,-4.802,1,0.10400000000000001,0.0738,0.0,0.239,0.502,173.968,210840,4,12.499112800578525,0.07138253858913683,Heart Attack,Demi Lovato
173,6qOEjO2IUD7PjtpsXawq0d,0.48200000000000004,0.706,9,-5.7620000000000005,1,0.0609,0.135,0.00106,0.105,0.14400000000000002,92.494,224920,4,11.52403623619652,0.13000639268003164,Girl On Fire,Alicia Keys
174,12tUCBq7V9qCF8qGOLpcnu,0.6809999999999999,0.7609999999999999,1,-6.2170000000000005,1,0.0378,0.139,0.0,0.11900000000000001,0.42700000000000005,120.01299999999999,229827,4,11.089418845872896,0.031937821182903024,Love Somebody,Maroon 5
175,5FljCWR0cys07PQ9277GTz,0.561,0.836,9,-3.9389999999999996,1,0.1,0.0525,0.0,0.136,0.517,127.92299999999999,226987,4,13.336474953617811,0.05733008103393085,The Other Side,Jason Derulo
176,6NPVjNh8Jhru9xOmyQigds,0.652,0.757,1,-6.819,1,0.153,0.28600000000000003,0.0,0.0886,0.9620000000000001,159.911,233305,4,7.492863321799308,0.01594400980319672,Happy,Various Artists
177,5jrdCoLpJSvHHorevXBATy,0.645,0.585,6,-6.122000000000001,1,0.0513,0.00314,0.0,0.165,0.353,131.931,215672,4,15.718509781032608,0.04101485607511387,Dark Horse,Katy Perry
178,3oiMJQAWVaxSubJ7b2VUtX,0.912,0.716,10,-4.141,0,0.0697,0.0904,0.0,0.0491,0.377,94.98100000000001,199938,4,10.002792082352471,0.05210168007290512,Fancy,Iggy Azalea
179,6sy3LkhNFjJWlaeSMNwQ62,0.664,0.705,1,-4.9719999999999995,0,0.0382,0.0654,0.0,0.115,0.47700000000000004,122.01700000000001,257840,4,13.631429509551387,0.03166272791663282,Counting Stars,OneRepublic
180,6g6A7qNhTfUgOSH7ROOxTD,0.76,0.652,6,-7.321000000000001,1,0.23199999999999998,0.0348,0.0,0.307,0.759,100.315,177685,4,10.215884370661303,0.013135931969318951,Talk Dirty (feat. 2 Chainz),Jason Derulo
181,6RtPijgfPKROxEzTHNRiDp,0.774,0.7559999999999999,1,-4.995,1,0.0389,0.0423,0.0,0.305,0.9309999999999999,144.032,224840,4,12.19084960250933,0.01816385191260613,Rude,MAGIC!
182,0ifSeVGUr7py5GggttDhXw,0.8109999999999999,0.879,9,-3.7239999999999998,1,0.0514,0.0476,1.91e-06,0.109,0.9620000000000001,134.064,188754,4,14.917926472145407,0.0207550051569314,All About That Bass,Meghan Trainor
183,7vS3Y0IKjde7Xg85LWIEdP,0.66,0.805,1,-5.352,0,0.153,0.0192,8.83e-06,0.159,0.625,103.009,193920,4,13.085164046317153,0.025903144158847997,Problem,Ariana Grande
184,5Db9VIdDsN5yu3Eu7CT0i4,0.479,0.419,0,-6.517,1,0.0389,0.568,0.000217,0.11,0.18600000000000003,85.014,172724,4,14.19671630859375,0.060374292492693715,Stay With Me,Sam Smith
185,3cHyrEgdyYRjgJKSOiOtcS,0.581,0.963,11,-4.087,1,0.0981,0.0295,0.0,0.139,0.7879999999999999,129.99200000000002,204160,4,14.451442706397096,0.0434668979746538,Timber (feat. Ke$ha),Pitbull
186,3gbBpTdY8lnQwqxNCcf795,0.679,0.715,9,-6.382999999999999,1,0.0407,0.0755,0.0,0.271,0.5710000000000001,127.435,214148,4,10.158837272348958,0.03576555271208159,Pompeii,Bastille
187,2wqaekenSQZm7hxQOYt8oE,0.725,0.68,8,-5.465,1,0.0306,0.162,2.13e-06,0.158,0.76,119.939,247520,4,16.34195451163779,0.023709660740185885,Am I Wrong,Nico & Vinz
188,67awxiNHNyjMXhVgsHuIrs,0.818,0.799,1,-4.1,0,0.156,0.00107,0.128,0.057,0.0815,100.014,213733,4,6.256050719607571,0.027852870797784358,Turn Down for What,DJ Snake
189,48RrDBpOSSl1aLVCalGl5C,0.7809999999999999,0.853,1,-3.68,0,0.0715,0.0525,0.0,0.12,0.624,110.04899999999999,250189,4,15.252879062263665,0.013309154459306284,The Monster,Eminem
190,3G6hD9B2ZHOsgf4WfNu7X1,0.696,0.59,6,-7.428,1,0.0904,0.151,0.0,0.247,0.462,99.984,193059,4,11.936890192963945,0.03600899699890324,Team,Lorde
191,6Vc5wAMmXdKIAM7WUoEb7N,0.40700000000000003,0.147,2,-8.822000000000001,1,0.0355,0.857,2.89e-06,0.0913,0.0765,141.284,229400,3,11.261034287744794,0.39496060084333534,Say Something,A Great Big World
192,0qcr5FMsEO85NAQjrlDRKo,0.541,0.485,8,-6.85,1,0.031,0.5579999999999999,0.0,0.12,0.369,136.95600000000002,223840,4,13.320512291236632,0.06515305032737025,"Let It Go - From ""Frozen""/Soundtrack Version",Idina Menzel
193,4VrWlk8IQxevMvERoX08iC,0.39899999999999997,0.787,1,-2.88,1,0.0499,0.0197,6.07e-05,0.0685,0.5720000000000001,117.089,216120,5,7.098544731047909,0.05833566859533845,Chandelier,Sia
194,3LlAyCYU26dvFZBDUIMb7a,0.505,0.71,3,-3.015,1,0.0321,0.19,0.00025,0.32899999999999996,0.428,89.93799999999999,175200,4,11.090415009155292,0.02800863814758389,Demons,Imagine Dragons
195,4nVBt6MZDDP6tRVdQTgxJg,0.6,0.6629999999999999,3,-5.8020000000000005,1,0.0477,0.225,0.0,0.11900000000000001,0.28600000000000003,121.07,245493,4,11.662665873579595,0.05236050652649668,Story of My Life,One Direction
196,7wDpMiQUBQkVIdwETkZHVy,0.7390000000000001,0.7240000000000001,3,-3.761,0,0.168,0.2,0.00025699999999999996,0.109,0.509,164.00599999999997,209423,4,9.805622313842923,0.011390979118262723,Black Widow,Iggy Azalea
197,466s1BacUmiRdR3ISvNjyx,0.703,0.747,0,-4.446000000000001,0,0.0895,0.28300000000000003,0.0,0.396,0.7,149.974,199320,4,16.283164050477072,0.028295699680778538,Bang Bang,Jessie J
198,4gbVRS8gloEluzf0GzDOFc,0.742,0.713,1,-5.522,0,0.0303,0.0205,0.0,0.059000000000000004,0.879,120.03200000000001,189960,4,16.105928264582573,0.015716408346292638,Maps,Maroon 5
199,1BltsyC5W3SAABdxyrDXwi,0.503,0.727,1,-5.456,1,0.16699999999999998,0.0159,9.449999999999999e-05,0.0895,0.521,121.985,255632,4,13.98029648956917,0.02357770498896947,Latch,Disclosure
200,7kqcudBGM74MXVoYMaoWkC,0.845,0.506,1,-5.971,1,0.0409,0.0228,1.03e-06,0.0879,0.647,99.051,264947,4,19.022820306413678,0.021689790503515355,Loyal,Chris Brown
201,4dL1HwRWQgWK9timX9PLex,0.733,0.65,5,-3.5389999999999997,1,0.0315,0.0703,6.59e-05,0.0829,0.348,110.00299999999999,209160,4,12.765212944700124,0.0531242205885636,Habits (Stay High),Tove Lo
202,6YUTL4dYpB9xZO5qExPf05,0.596,0.856,4,-3.556,0,0.0346,0.0211,0.0178,0.141,0.743,127.949,222533,4,15.272260954274184,0.049487465556527305,Summer,Calvin Harris
203,12KUFSHFgT0XCoiSlvdQi4,0.687,0.7020000000000001,7,-5.324,0,0.0455,0.0064,4.35e-05,0.204,0.284,129.95600000000002,214840,4,12.096340585709578,0.03385327786296763,Break Free,Ariana Grande
204,2sLwPnIP3CUVmIuHranJZU,0.6970000000000001,0.621,9,-6.886,0,0.25,0.0802,0.0,0.162,0.721,81.946,193296,4,12.462157553833395,0.021170791798583742,Wiggle (feat. Snoop Dogg),Jason Derulo
205,0xMd5bcWTbyXS7wPrBtZA6,0.5589999999999999,0.777,1,-5.031000000000001,1,0.0432,0.31,0.0,0.105,0.32899999999999996,87.016,231212,4,8.568200089182827,0.0525402124608684,Burn,Ellie Goulding
206,3s4U7OHV7gnj42VV72eSZ6,0.799,0.586,11,-6.735,1,0.0377,0.162,2.03e-06,0.193,0.5489999999999999,120.97,227833,4,13.487184964944262,0.037933150500529984,Rather Be (feat. Jess Glynne),Clean Bandit
207,1eN27pPLzE59zuFbY8SsiT,0.8590000000000001,0.5379999999999999,2,-5.207000000000001,1,0.0699,0.527,1.14e-06,0.13699999999999998,0.33299999999999996,98.031,268453,4,9.603473960110044,0.01922858231112793,Don't Tell 'Em,Jeremih
208,1JmPASoql4lnXimD5ICqRP,0.594,0.7290000000000001,2,-5.774,1,0.0626,0.271,0.0,0.38299999999999995,0.45899999999999996,86.03200000000001,266294,4,8.39919596940507,0.019946800109685785,Not a Bad Thing,Justin Timberlake
209,6FE2iI43OZnszFLuLtvvmg,0.72,0.7909999999999999,1,-4.689,1,0.124,0.0384,0.0,0.157,0.7559999999999999,102.071,175427,4,11.112809203661623,0.03345936910012177,Classic,MKTO
210,2TR7A4ulH9R1PNwMyd8o8U,0.555,0.9309999999999999,8,-2.969,1,0.0367,0.016,0.0,0.405,0.723,132.085,220907,4,10.861997967154226,0.031791584067780265,This Is How We Roll,Florida Georgia Line
211,0FDzzruyVECATHXKHFs9eJ,0.551,0.636,6,-7.125,1,0.0281,0.00713,0.00203,0.217,0.153,124.99600000000001,268467,4,13.957103506043744,0.04270425433412525,A Sky Full of Stars,Coldplay
212,1huvTbEYtgltjQRXzrNKGi,0.8059999999999999,0.608,1,-7.007999999999999,1,0.0659,0.0113,0.0,0.635,0.8490000000000001,95.04899999999999,219840,4,9.718045041093804,0.027063477177072328,Don't,Ed Sheeran
213,5KONnBIQ9LqCxyeSPin26k,0.635,0.691,0,-4.862,1,0.258,0.555,0.0,0.09699999999999999,0.638,82.14200000000001,217419,4,11.189521579766051,0.05896085693767514,Trumpets,Jason Derulo
214,2bL2gyO6kBdLkNSkxXNh6x,0.27899999999999997,0.742,4,-6.46,0,0.0898,0.000185,0.0,0.593,0.32799999999999996,189.868,231013,4,15.104742638000284,0.023280537522320198,Animals,Maroon 5
215,4RXpgGM7A4Hg7cFBoH5KyF,0.537,0.777,7,-4.829,0,0.0473,0.0279,6.12e-05,0.0838,0.42700000000000005,124.943,255093,4,8.49151575212648,0.050376927528125004,Hey Brother,Avicii
216,32OlwWuMpZ6b0aN2RZOeMS,0.856,0.609,0,-7.223,1,0.0824,0.00801,8.149999999999999e-05,0.0344,0.9279999999999999,114.988,269667,4,12.744022453598912,0.01620393739378803,Uptown Funk,Mark Ronson
217,2bJvI42r8EF3wxjOuDav4r,0.72,0.802,1,-5.797000000000001,1,0.0582,0.0921,0.0,0.6940000000000001,0.723,124.04299999999999,229360,4,18.24763755364405,0.017609059599228257,Time of Our Lives,Pitbull
218,5kcE7pp02ezLZaUbbMv3Iq,0.728,0.858,9,-3.6860000000000004,1,0.0609,0.0403,4.26e-06,0.0241,0.591,125.054,205640,4,15.587471357453795,0.07896123597633001,Pound The Alarm,Nicki Minaj
219,0HFx7PLqzGxSfN59j3UHmR,0.775,0.68,0,-5.507999999999999,0,0.0629,0.009059999999999999,0.0,0.109,0.6559999999999999,114.025,207719,4,8.768582530612244,0.0251759364498722,Want to Want Me,Jason Derulo
220,2XPc8gL9PwxGURQFcFaDJR,0.777,0.6629999999999999,4,-6.117000000000001,1,0.0305,0.146,1.52e-05,0.174,0.614,118.016,181827,4,12.921545594392876,0.02204431287004836,Cheerleader - Felix Jaehn Remix Radio Edit,OMI
221,4KcVVhAaHxqtX2ANt4b3tc,0.713,0.79,7,-4.602,0,0.0574,0.00339,0.000868,0.485,0.308,98.01100000000001,176561,4,11.066149159836627,0.013712807859952441,Lean On,Major Lazer
222,6FXNfYIY6iEeCKuIeSYWgg,0.705,0.758,9,-5.482,0,0.0506,0.142,0.0,0.109,0.569,107.965,215613,4,11.967421144442222,0.04896040339435143,Can't Feel My Face,The Weeknd
223,4kbj5MwxO1bq9wjT5g9HaA,0.578,0.866,1,-3.804,1,0.0619,0.00701,0.0,0.257,0.619,128.03799999999998,199080,4,12.704659650191743,0.043314652975203836,Shut Up and Dance,WALK THE MOON
224,4orphgwPHHRsdEkfUmANSD,0.753,0.7959999999999999,9,-6.406000000000001,1,0.0576,0.0378,0.0,0.331,0.605,122.025,199263,4,14.639512265931193,0.015178727233610247,"Honey, I'm Good.",Andy Grammer
225,66hayvUbTotekKU3H4ta1f,0.43200000000000005,0.7809999999999999,4,-4.038,0,0.0567,0.040999999999999995,4.21e-06,0.0789,0.19699999999999998,139.43200000000002,250286,4,15.13391911740355,0.047706027736541465,Where Are Ü Now (with Justin Bieber),Jack Ü
226,34gCuhDGsG4bRPIf9bb02f,0.7809999999999999,0.445,2,-6.061,1,0.0295,0.474,0.0,0.184,0.591,78.998,281560,4,11.574442132111745,0.09432906923260284,Thinking out Loud,Ed Sheeran
227,5b2bu6yyATC1zMXDGScJ2d,0.596,0.73,9,-4.091,1,0.151,0.24,0.0,0.325,0.525,85.979,192560,4,10.15781460282159,0.024036095805040424,"Hey Mama (feat. Nicki Minaj, Bebe Rexha & Afrojack)",David Guetta
228,6nRwc5GgNvBMkKaynhQzrm,0.841,0.5710000000000001,5,-8.066,0,0.102,0.65,0.00033,0.0895,0.772,125.03200000000001,207547,4,13.168291459799994,0.07276284099762521,What Do You Mean?,Justin Bieber
229,70OTIpw8x8UXUsuCHW9i1i,0.723,0.711,0,-5.5760000000000005,0,0.0378,0.0997,0.0,0.0528,0.606,138.09799999999998,192107,4,13.364945431080436,0.03973405566490943,Drag Me Down,One Direction
230,0sQLhT32E9ZG2zn5iYR6nN,0.508,0.677,1,-5.696000000000001,1,0.0656,0.32799999999999996,0.0,0.0491,0.575,121.928,227280,5,11.742569829178207,0.0282657064169926,Locked Away,R. City
231,2wA4C7X7O9hMjuemyHwLgd,0.696,0.6940000000000001,0,-6.631,1,0.0534,0.26899999999999996,4.36e-06,0.0862,0.736,154.941,213445,4,11.906963866686635,0.03905933735606298,On My Mind,Ellie Goulding
232,7jv4Mb21bdd9SDVOm9Fm9l,0.669,0.5920000000000001,11,-3.968,0,0.0312,0.0213,0.0,0.124,0.447,98.065,229013,4,13.198303160199703,0.044020889863891084,Same Old Love,Selena Gomez
233,3zkWCteF82vJwv0hRLba76,0.746,0.754,1,-6.681,1,0.067,0.0152,0.0,0.0486,0.764,149.882,206880,4,11.957599989796956,0.021507208763210228,Stitches,Shawn Mendes
234,0fgZUSa7D7aVvv3GfO0A1n,0.733,0.6759999999999999,10,-5.655,0,0.0432,0.0697,0.0,0.20800000000000002,0.701,97.448,226581,4,13.148481557689376,0.011185052466487471,Post to Be (feat. Chris Brown & Jhene Aiko),Omarion
235,3ACnarSkTKiOTj4rsnFkgf,0.674,0.772,0,-3.685,0,0.0396,0.0864,0.0,0.308,0.402,100.039,200787,4,14.8488383259446,0.028086429692551013,Sorry,Justin Bieber
236,4warTLme4XYBTlDCKV0Hr6,0.66,0.8220000000000001,1,-6.117999999999999,0,0.0489,0.0388,0.0,0.114,0.294,108.979,227423,4,18.68246452775332,0.029298370824801905,Something In The Way You Move,Ellie Goulding
237,2mCF8L0brIs88eH6Kf2h9p,0.56,0.5920000000000001,9,-6.9510000000000005,1,0.0544,0.455,0.0,0.297,0.564,112.684,212424,4,11.333336450535455,0.05479156120617143,Fast Car,Jonas Blue
238,7aftSOGSOpSoIlVAQVBb71,0.579,0.7759999999999999,8,-5.365,1,0.17300000000000001,0.0749,0.0,0.239,0.434,136.04399999999998,229880,4,12.946478037198258,0.029555922658621017,Break Up In A Small Town,Sam Hunt
239,7E390nZTMqEbrNC1TmHd42,0.5379999999999999,0.818,1,-6.147,0,0.0586,0.0879,1.39e-06,0.0971,0.198,127.101,244907,4,16.895181206597222,0.04107101633361805,The Feeling,Justin Bieber
240,7gBj0VgcuAgkXkiRRYvSmK,0.648,0.736,8,-7.9479999999999995,1,0.0385,0.0444,0.00013700000000000002,0.171,0.37799999999999995,103.027,239465,4,11.638272955782705,0.020288544146381243,Stay,Kygo
241,0KMYgSe9JWHloFeEVBU6qq,0.755,0.6859999999999999,0,-6.106,0,0.0869,0.0174,0.0,0.11,0.386,111.977,252142,4,16.68011665658647,0.018787554832533027,"Me, Myself & I",G-Eazy
242,19RevBdb9MKUaBIvxSbGd4,0.58,0.846,9,-2.8760000000000003,0,0.0573,0.005370000000000001,6.62e-06,0.145,0.366,129.998,239999,4,13.48233221505933,0.026634906089338085,I Want You To Know,Zedd
243,33tC5va4jMyt2B5Z1varQh,0.669,0.747,6,-7.108,1,0.0428,0.141,0.0,0.185,0.483,122.531,242440,4,16.198993370666855,0.03818372523945498,Lay It All On Me (feat. Ed Sheeran),Rudimental
244,6Xs7OKt6i0Ddq8B4M5Dgvr,0.33899999999999997,0.7070000000000001,0,-5.121,0,0.0428,0.0113,0.0,0.337,0.359,173.993,183808,4,14.494778624327346,0.1036931197667044,New Americana,Halsey
245,0HMjXBAZmSYOTTi33WpMso,0.655,0.6990000000000001,11,-4.421,1,0.0493,0.0352,0.0,0.064,0.802,86.704,187427,4,13.492828053895796,0.0488626468765764,History,One Direction
246,32lmL4vQAAotg6MrJnhlQZ,0.725,0.534,11,-6.2379999999999995,1,0.0946,0.0752,0.0,0.0919,0.5579999999999999,91.97399999999999,219320,4,8.273099780321424,0.026246296794482715,Work,Rihanna
247,3vv9phIu6Y1vX3jcqaGz5Z,0.713,0.802,4,-7.055,1,0.0561,0.0435,0.0037700000000000003,0.309,0.34299999999999997,100.001,226739,4,11.52282029633412,0.027997192179913567,Roses,The Chainsmokers
248,50kpGaPAhYJ3sGmk6vplg0,0.607,0.376,4,-9.954,1,0.45299999999999996,0.856,0.0,0.285,0.545,102.541,233720,4,8.46779266856487,0.0399060757765302,Love Yourself,Justin Bieber
249,7HzCxalzzYQOFb9a7Xs3j6,0.6779999999999999,0.7829999999999999,7,-4.672,0,0.0828,0.0331,1.51e-05,0.134,0.679,102.0,198760,4,13.21712726335825,0.11105336909278007,I Took A Pill In Ibiza - Seeb Remix,Mike Posner
250,6Knv6wdA0luoMUuuoYi2i1,0.688,0.7020000000000001,7,-4.792,0,0.0499,0.0215,0.0,0.128,0.74,94.006,192191,4,13.427782487763704,0.018516937696606426,My House,Flo Rida
251,0IKK48xF4eEdfofyaeKWWO,0.588,0.7020000000000001,11,-4.271,1,0.0496,0.10400000000000001,0.0,0.08900000000000001,0.429,124.90899999999999,203686,4,14.571060101950494,0.0262705970069511,PILLOWTALK,ZAYN
252,0azC730Exh71aQlOt9Zj3y,0.63,0.9279999999999999,9,-2.787,0,0.0331,0.19899999999999998,0.124,0.14800000000000002,0.465,123.963,222160,4,13.148254337287678,0.03166373750690084,This Is What You Came For,Calvin Harris
253,275a9yzwGB6ncAW4SxY7q3,0.72,0.748,10,-5.522,0,0.39299999999999996,0.0235,0.0,0.369,0.24600000000000002,145.22,247867,4,9.963226662018316,0.026688768466019433,Panda,Desiigner
254,1MtUq6Wp1eQ8PC6BbPCj8P,0.6629999999999999,0.713,7,-6.647,0,0.11199999999999999,0.0353,7.68e-06,0.0843,0.69,101.965,197933,4,13.072299692620266,0.0876704791251093,I Took A Pill In Ibiza - Seeb Remix,Mike Posner
255,0SJPThTy7ynySPF4euczx7,0.8029999999999999,0.631,8,-4.213,1,0.0444,0.102,7.39e-06,0.0858,0.659,104.999,216575,4,11.970510334146542,0.030143908342222494,Work from Home,Fifth Harmony
256,1i1fxkWeaMmKEB4T7zqbzK,0.532,0.8690000000000001,11,-5.093999999999999,1,0.172,0.157,0.0050799999999999994,0.136,0.42200000000000004,159.803,208373,4,10.40388450772809,0.03080625599103158,Don't Let Me Down,The Chainsmokers
257,0gb1J5UrTpzaU1s3nupgCd,0.6709999999999999,0.9159999999999999,6,-4.013999999999999,0,0.0397,0.0282,0.00762,0.24,0.8029999999999999,126.01,189127,4,13.525692515432098,0.038233278283185,No Money,Galantis
258,7fJtPlEZKxu6gvkfBFc5tW,0.804,0.65,7,-7.79,1,0.11800000000000001,0.0606,7.049999999999999e-05,0.102,0.397,117.984,263373,4,10.958793097610645,0.01368242112626801,Too Good,Drake
259,42ftjU4cTN5UTRksyqBKZJ,0.7709999999999999,0.76,4,-5.459,0,0.0514,0.147,0.0,0.053,0.8809999999999999,119.0,218440,4,18.395619778407262,0.03378091614188016,Cake By The Ocean,DNCE
260,4tRLfSHpbjlIjV97RPWr9Y,0.51,0.6920000000000001,0,-5.825,1,0.171,0.00451,0.0,0.138,0.209,102.42,228361,4,13.117738429189153,0.02091419171162753,Sex,Cheat Codes
261,5kqIPrATaCc2LqxVWzQGbk,0.765,0.473,10,-5.829,1,0.0514,0.287,0.0,0.391,0.34,119.992,237300,4,13.39941192484365,0.01853456220840773,7 Years,Lukas Graham
262,1brwdYwjltrJo7WHpIvbYt,0.589,0.6509999999999999,6,-5.0969999999999995,1,0.0306,0.0291,3.2e-06,0.111,0.166,90.01100000000001,212627,4,12.367345422116527,0.11412212899089624,Faded,Alan Walker
263,3CRDbSIZ4r5MsZ0YwxuEkn,0.7340000000000001,0.637,4,-5.6770000000000005,0,0.141,0.0462,2.2899999999999998e-05,0.0602,0.648,169.977,202333,4,13.526570740530085,0.016690940328609842,Stressed Out,Twenty One Pilots
264,40YcuQysJ0KlGQTeGUosTC,0.757,0.672,0,-6.524,0,0.0955,0.0186,0.0,0.158,0.382,111.99600000000001,251467,4,16.58199313418321,0.016307024575242114,"Me, Myself & I",G-Eazy
265,7l94dyN2hX9c6wWcZQuOGJ,0.662,0.602,4,-5.369,0,0.0401,0.0529,0.0,0.35600000000000004,0.29,133.969,235947,3,12.837838078720006,0.07335887125062307,Dangerous Woman,Ariana Grande
266,4CpKEkdGbOJV51cSvx7SoG,0.747,0.47700000000000004,10,-11.062000000000001,0,0.276,0.0962,0.0,0.114,0.321,93.44,245227,4,13.57706683674242,0.01577939308361472,Controlla,Drake
267,0PDUDa38GO8lMxLCRc4lL1,0.584,0.7,11,-4.275,1,0.0456,0.11699999999999999,0.0,0.0939,0.43799999999999994,124.944,202747,4,14.20709392438529,0.02550377086023771,PILLOWTALK,ZAYN
268,3eR23VReFzcdmS7TYCrhCe,0.64,0.5329999999999999,0,-6.596,1,0.0706,0.11900000000000001,0.0,0.0864,0.515,99.96799999999999,220781,4,12.145948117539024,0.03091590819856121,It Ain't Me (with Selena Gomez),Kygo
269,2LbbLV26X7K1kLzI7xXFE2,0.643,0.624,6,-5.437,0,0.0923,0.22399999999999998,0.0,0.14,0.39,124.075,234240,4,13.471758943517887,0.04012847330203878,Close,Nick Jonas
270,6WLS56xiRrXjSm9RSdL3zD,0.583,0.732,11,-5.728,0,0.0457,0.00312,9.86e-06,0.26899999999999996,0.276,145.99200000000002,213428,4,12.795358939060712,0.024525913049352543,Never Forget You,Zara Larsson
271,5YHR8wBR5jXfGtP766NiAT,0.503,0.843,10,-4.9910000000000005,0,0.316,0.0487,0.0,0.344,0.778,128.63,203105,4,13.647436041418658,0.02702158234942555,If It Ain't Love,Jason Derulo
272,6cREm4bV7V79Yxdilx9HDo,0.7859999999999999,0.687,0,-5.914,1,0.141,0.00758,0.0,0.619,0.345,105.021,215160,4,13.731835424186722,0.018424708285242532,Once In a While,Timeflies
273,3ge54HUrk1ht3EX5SMhIzZ,0.47100000000000003,0.802,1,-3.5989999999999998,0,0.27,0.0125,1.45e-06,0.7020000000000001,0.653,88.615,213507,4,13.260323155588019,0.017499797590166954,NO,Meghan Trainor
274,1OAYKfE0YdrN7C1yLWaLJo,0.904,0.62,2,-8.124,1,0.0595,0.00343,0.00024900000000000004,0.0504,0.515,134.969,267067,4,15.719066011486527,0.02614078924407717,Hotline Bling,Drake
275,2meEiZKWkiN28gITzFwQo5,0.623,0.7340000000000001,9,-5.95,1,0.107,0.0162,1.9e-06,0.145,0.37200000000000005,107.853,244453,4,15.129871012673002,0.05018080215688205,Into You,Ariana Grande
276,4tCtwWceOPWzenK2HAIJSb,0.8029999999999999,0.585,8,-5.861000000000001,1,0.0432,0.10300000000000001,3.94e-06,0.0644,0.593,105.01700000000001,214480,4,12.029981360160079,0.0216622606646542,Work from Home (feat. Ty Dolla $ign),Fifth Harmony
277,4CGGIk81BvfCZiscwFP6t0,0.503,0.6920000000000001,0,-5.836,1,0.20199999999999999,0.004529999999999999,0.0,0.133,0.20800000000000002,102.604,228361,4,13.117738429189153,0.02091419171162753,Sex,Cheat Codes
278,0r4SsYcwvd8URat6AS2m6f,0.6940000000000001,0.7120000000000001,7,-3.923,0,0.046,0.133,0.0,0.21100000000000002,0.799,98.022,201122,4,12.667224972829368,0.012819519189224008,Lush Life,Zara Larsson
279,1QNoKVgA758HFLu3TW2q7R,0.757,0.884,10,-5.4879999999999995,0,0.0404,0.00795,5.870000000000001e-05,0.0973,0.39799999999999996,120.012,217907,4,15.488838667312713,0.026380660470325296,Kill Em With Kindness,Selena Gomez
280,1Tt4sE4pXi57mTD1GCzsqm,0.6709999999999999,0.314,5,-8.091000000000001,0,0.244,0.11,0.0,0.0825,0.29600000000000004,110.898,191600,4,13.855655517108802,0.03227488837733111,Needed Me,Rihanna
281,1Bqxj0aH5KewYHKUg1IdrF,0.586,0.525,0,-8.968,1,0.498,0.0705,0.0,0.0729,0.491,126.51,222467,4,10.720148418681577,0.03543792263244819,Some Kind Of Drug,G-Eazy
282,61uyGDPJ06MkxJtHgPmuyO,0.617,0.8,4,-5.024,0,0.0654,0.147,0.0,0.0852,0.42,94.985,208120,4,13.960787740707216,0.028074542543739086,Company,Justin Bieber
283,0qRZ9ydGdzeVk3S01pLGoJ,0.687,0.645,1,-8.38,1,0.19,0.0362,0.0,0.201,0.619,84.925,218480,4,13.944919144128235,0.03017958488469482,You & Me,Marc E. Bassy
284,7K5dzhGda2vRTaAWYI3hrb,0.632,0.701,7,-5.921,1,0.146,0.0114,0.0,0.10800000000000001,0.49700000000000005,162.958,215414,4,12.42917893757383,0.01927081909824257,"Just Like Fire (From the Original Motion Picture ""Alice Through The Looking Glass"")",P!nk
285,0B2RttXEiyXsMeQ7mMP3EI,0.603,0.879,5,-4.098,1,0.124,0.0184,0.0,0.156,0.318,110.125,228253,4,16.150833815473884,0.03155405256613095,Cruel (feat. ZAYN),Snakehips
286,0qy5D3OJre7SPJNMOL9I71,0.8859999999999999,0.525,8,-7.39,1,0.132,0.23600000000000002,0.0,0.057,0.708,145.99,225205,4,11.544972315951336,0.016356775433301413,Broccoli,DRAM
287,4JDZl9nKIAhAhDjw753u4X,0.9159999999999999,0.5710000000000001,10,-8.241,0,0.2,0.0173,1.11e-06,0.153,0.498,103.521,183695,4,13.516996618029301,0.014901287024586485,For Free,DJ Khaled
288,7nD9nN3jord9wWcfW3Gkcm,0.6890000000000001,0.7909999999999999,0,-5.194,0,0.053,0.023,0.0,0.0526,0.755,95.04,210573,4,12.901851509866278,0.029006818629290925,All In My Head (Flex) (feat. Fetty Wap),Fifth Harmony
289,2CPqh63wRVscbceKcPxwvv,0.632,0.575,5,-6.478,1,0.028999999999999998,0.0225,1.81e-06,0.10400000000000001,0.188,90.037,183414,4,10.25965491120276,0.07975169632383672,The Ocean (feat. Shy Martin),Mike Perry
290,3YlrH4ydAKkxuej6F4Nnkl,0.7859999999999999,0.69,3,-4.665,1,0.04,0.0865,9.03e-05,0.23800000000000002,0.485,122.006,195561,4,8.293602459829398,0.024631816864280103,This Girl (Kungs Vs. Cookin' On 3 Burners),Kungs
291,3cNjgVBKTJ1SvKhunrCdVy,0.513,0.768,4,-4.868,0,0.0587,0.0118,1.9399999999999997e-05,0.294,0.235,84.264,210580,4,12.601679916753383,0.042154368703446236,Please Don't Go,Joel Adams
292,3GBlLqIYgB8zWaeWDNJzdh,0.6809999999999999,0.708,5,-6.019,0,0.0304,0.042,0.14,0.682,0.35600000000000004,92.993,237760,4,14.133119221223463,0.028607013153157237,Capsize,FRENSHIP
293,4qqArAiTPueDxIp7cf87h7,0.695,0.672,1,-6.109,0,0.0345,0.013999999999999999,8.44e-05,0.0756,0.245,104.988,235827,4,15.594305696726089,0.05227852848766983,Final Song,MØ
294,1Te8WIfLudxjHTr66BL0JK,0.731,0.8220000000000001,1,-5.305,1,0.0459,0.39399999999999996,0.0,0.28800000000000003,0.708,118.021,196613,4,12.124663258342213,0.04497121285506905,Perfect Strangers,Jonas Blue
295,378iszndTZAR4dH8kwsLC6,0.5920000000000001,0.8,6,-4.931,0,0.215,0.0561,2.01e-06,0.0775,0.728,89.97200000000001,224813,4,11.47783925228275,0.01680617391225718,Cheap Thrills,Sia
296,1mSlftOO1dlDRXAyOE0Sbd,0.44799999999999995,0.8170000000000001,10,-4.069,0,0.386,0.128,0.0,0.105,0.7090000000000001,83.015,187973,4,12.23412504401187,0.028639884741206982,Treat You Better,Shawn Mendes
297,6i0V12jOa3mr6uu4WYhUBr,0.732,0.396,4,-9.347999999999999,0,0.0286,0.0841,3.5799999999999996e-05,0.105,0.5479999999999999,90.024,195920,4,16.117976621607088,0.026183329812258196,Heathens,Twenty One Pilots
298,2Z8WuEywRWYTKe1NybPQEW,0.645,0.713,6,-5.355,1,0.0393,0.00835,0.0,0.113,0.5660000000000001,74.98899999999999,214507,4,11.610369783179932,0.05478309555245518,Ride,Twenty One Pilots
299,37FXw5QGFN7uwwsLy8uAc0,0.728,0.563,1,-8.052999999999999,0,0.134,0.621,0.0,0.179,0.35200000000000004,100.01700000000001,217707,4,15.131311727577431,0.013704525680831805,We Don't Talk Anymore,Charlie Puth
300,4BHzQ9C00ceJxfG16AlNWb,0.69,0.524,6,-8.39,0,0.10300000000000001,0.0415,3.16e-06,0.17,0.562,164.023,223080,4,16.446018861366518,0.02464086712891781,Send My Love (To Your New Lover),Adele
301,7zsXy7vlHdItvUSH8EwQss,0.602,0.797,6,-5.084,0,0.0534,0.055,0.0,0.187,0.49200000000000005,92.928,185360,4,13.429827415195398,0.031195051488696682,Cold Water,Major Lazer
302,27PmvZoffODNFW2p7ehZTQ,0.46399999999999997,0.7709999999999999,8,-4.503,1,0.336,0.0235,0.0,0.063,0.69,158.77700000000002,198237,4,12.705115713201373,0.017429973360411098,Don't Mind,Kent Jones
303,6JV2JOEocMgcZxYSZelKcc,0.667,0.83,0,-5.715,1,0.0749,0.0123,0.0,0.191,0.701,113.03,236002,4,12.122323231214338,0.02314735575697589,"CAN'T STOP THE FEELING! (Original Song from DreamWorks Animation's ""TROLLS"")",Justin Timberlake
304,16Ah4QqH4mgYVXqfC4mdSd,0.539,0.528,11,-8.113,0,0.252,0.0108,0.0,0.11699999999999999,0.252,190.169,228640,4,14.911080081477811,0.040242418654397566,LUV,Tory Lanez
305,19PJf5HzeiVW0mdk82Swmn,0.526,0.6609999999999999,7,-3.8280000000000003,0,0.0333,0.361,0.0,0.087,0.556,78.132,196960,4,14.016781457403026,0.1087821222690394,H.O.L.Y.,Florida Georgia Line
306,5sv4LTz8qayQYnXlzaxg2x,0.523,0.757,6,-6.772,0,0.138,0.00199,0.0,0.3,0.375,134.828,273253,4,13.896573968056819,0.02655780951984785,Drifting,G-Eazy
307,2bvJM2iIdMlWEG9lk8dxxw,0.7120000000000001,0.775,7,-5.452000000000001,0,0.298,0.0441,0.0,0.185,0.508,94.928,234988,4,9.989650347815413,0.02216302656669181,Something Wrong,Timeflies
308,7BKLCZ1jbUBVqRi2FVlTVw,0.748,0.524,8,-5.599,1,0.0338,0.414,0.0,0.111,0.6609999999999999,95.01,244960,4,12.555073921658284,0.022156522064801096,Closer,The Chainsmokers
309,3XIIOCu6B8PuGq5j61asEM,0.6659999999999999,0.723,1,-6.164,1,0.268,0.0109,0.00047000000000000004,0.0507,0.7390000000000001,192.024,210893,4,8.936836620823545,0.025850575331481437,The Greatest,Sia
310,6UUSdhj9yqzVum2YDIs3KE,0.861,0.33,6,-7.194,1,0.0526,0.627,1.93e-06,0.14,0.718,95.016,216000,4,14.511509518143964,0.014354909662711931,My Favorite Part,Mac Miller
311,1vvNmPOiUuyCbgWmtc6yfm,0.8190000000000001,0.9129999999999999,4,-3.0589999999999997,0,0.0427,0.0935,3.72e-05,0.161,0.536,119.98899999999999,219160,4,11.433618193245499,0.021444900091628846,My Way,Calvin Harris
312,2IY7eOUDjw2ArKYxKa2jXc,0.682,0.5920000000000001,7,-7.0329999999999995,1,0.281,0.16899999999999998,5.49e-06,0.136,0.5,186.041,230467,4,16.11055122577563,0.012411596646413664,Starboy,The Weeknd
313,1pKeFVVUOPjFsOABub0OaV,0.65,0.736,6,-5.84,0,0.22899999999999998,0.0513,0.0,0.235,0.612,159.174,226160,4,13.707875527554586,0.03296728699407718,Side To Side,Ariana Grande
314,6m3ZWIXhjoV76syT1j2oE9,0.631,0.6609999999999999,5,-5.5,0,0.0999,0.22699999999999998,1.43e-06,0.166,0.698,174.03099999999998,178333,4,14.502912326427104,0.03502510364792241,Coming Over,Dillon Francis
315,0FE9t6xYkqWXU2ahLh6D8X,0.825,0.652,1,-3.1830000000000003,0,0.0802,0.581,0.0,0.0931,0.9309999999999999,95.977,233713,4,12.087346299665557,0.018912480630325114,Shape of You,Ed Sheeran
316,4Km5HrUvYTaSUfiSGPJeQR,0.927,0.665,11,-5.313,1,0.244,0.061,0.0,0.12300000000000001,0.175,127.07600000000001,343150,4,5.453483196218758,0.010049787761801664,Bad and Boujee (feat. Lil Uzi Vert),Migos
317,2EEeOnHehOozLq4aS0n6SL,0.746,0.653,7,-6.745,1,0.289,0.37799999999999995,0.0,0.22899999999999998,0.672,75.016,253107,4,10.665070677011373,0.025867734412551385,iSpy (feat. Lil Yachty),KYLE
318,3NdDpSvN911VPGivFlV5d0,0.735,0.451,0,-8.374,1,0.0585,0.0631,1.3000000000000001e-05,0.325,0.0862,117.973,245200,4,13.732993550261776,0.027863232805226856,"I Don’t Wanna Live Forever (Fifty Shades Darker) - From ""Fifty Shades Darker (Original Motion Picture Soundtrack)""",ZAYN
319,0SGkqnVQo9KPytSri1H6cF,0.77,0.5670000000000001,2,-5.6979999999999995,1,0.175,0.105,0.0,0.125,0.26,81.477,222360,4,6.3460207612456765,0.08848030117061989,Bounce Back,Big Sean
320,15vzANxN8G9wWfwAJLLMCg,0.6459999999999999,0.644,2,-6.763,1,0.031,0.0243,0.0,0.0888,0.251,99.999,221520,4,13.633869443493893,0.06025729649038317,Paris,The Chainsmokers
321,5aAx2yezTd8zXrkmtKl66Z,0.6809999999999999,0.594,7,-7.028,1,0.282,0.165,3.49e-06,0.134,0.535,186.054,230453,4,16.095136400010304,0.012397642598519706,Starboy,The Weeknd
322,0KKkJNfGyhkQ5aFogxQAPU,0.853,0.56,1,-4.961,1,0.0406,0.013000000000000001,0.0,0.0944,0.86,134.066,206693,4,11.131200738635117,0.017638784474991082,That's What I Like,Bruno Mars
323,6NMNgWgEAzde5M8U3lc6FN,0.924,0.5429999999999999,9,-7.474,0,0.298,0.182,0.0,0.10300000000000001,0.736,133.907,207813,4,9.833290544659183,0.012652315072238372,Fake Love,Drake
324,4RepvCWqsP6zBuzvwYibAS,0.769,0.813,0,-5.9,0,0.14300000000000002,0.429,0.0,0.0952,0.5670000000000001,92.985,269187,4,15.310136284831472,0.01284705361915395,I Feel It Coming,The Weeknd
325,5ndfVSDyPq90jaIUhNPeby,0.446,0.7929999999999999,0,-5.365,1,0.156,0.08900000000000001,0.0,0.21100000000000002,0.47,189.891,237915,4,10.238240025673836,0.03188920529519808,Chained To The Rhythm,Katy Perry
326,6H2TKJ9KJfcq6MRmw2cF20,0.6890000000000001,0.6920000000000001,2,-4.756,1,0.133,0.22899999999999998,0.0,0.184,0.285,137.832,239280,4,15.593842519262262,0.02243836444932578,Bad Things - With Camila Cabello,Machine Gun Kelly
327,5uCax9HTNlzGybIStD3vDh,0.358,0.557,10,-7.398,1,0.059000000000000004,0.695,0.0,0.0902,0.494,85.04299999999999,211467,4,10.420284610494404,0.1036289926493266,Say You Won't Let Go,James Arthur
328,3ebXMykcMXOcLeJ9xZ17XH,0.584,0.54,1,-7.7860000000000005,0,0.0576,0.0895,0.0,0.261,0.195,137.972,220883,4,16.164475198420064,0.02622847188392241,Scared to Be Lonely,Martin Garrix
329,0SuLAslEMFZAXf0SwY7syi,0.584,0.569,0,-4.2589999999999995,1,0.166,0.0508,0.0,0.0924,0.501,89.779,217603,4,14.798898190656226,0.043103104596635,All Time Low,Jon Bellion
330,0v9Wz8o0BT8DU38R4ddjeH,0.652,0.795,11,-5.192,0,0.174,0.156,0.0,0.12300000000000001,0.7879999999999999,135.018,304607,4,13.02428054492722,0.02318440609893758,No Problem (feat. Lil Wayne & 2 Chainz),Chance the Rapper
331,4F7A0DXBrmUAkp32uenhZt,0.5720000000000001,0.631,1,-8.389,1,0.10400000000000001,0.188,2.3100000000000002e-05,0.259,0.21899999999999997,77.51899999999999,249213,4,11.660238312295935,0.02001769453824965,Party Monster,The Weeknd
332,7yyRTcZmCiyzzJlNzGC9Ol,0.8859999999999999,0.525,8,-7.39,1,0.131,0.23600000000000002,0.0,0.057,0.708,145.99,225205,4,11.544972315951336,0.016356775433301413,Broccoli (feat. Lil Yachty),DRAM
333,78rIJddV4X0HkNAInEcYde,0.67,0.838,0,-4.031000000000001,1,0.0362,0.0604,0.000611,0.159,0.7170000000000001,104.99799999999999,222041,4,13.463640819527498,0.015283214144243112,Call On Me - Ryan Riback Extended Remix,Starley
334,3TJk0aoXM0knrOlgd1fnbx,0.675,0.632,5,-4.542,1,0.0439,0.122,0.0,0.141,0.7040000000000001,124.035,202187,4,13.834710928383048,0.03526471995800435,Weak,AJR
335,0fg8CqpjdojMyXLNzM2PaJ,0.8029999999999999,0.743,1,-3.602,0,0.0681,0.105,2.12e-06,0.099,0.674,108.005,203180,4,15.791080100690277,0.013578096966813634,Run Up (feat. PARTYNEXTDOOR & Nicki Minaj),Major Lazer
336,6b8Be6ljOzmkOmFslEb23P,0.818,0.8029999999999999,1,-4.282,1,0.0797,0.034,0.0,0.153,0.632,106.97,225983,4,14.853542173012874,0.019773557505143514,24K Magic,Bruno Mars
337,1dNIEtp7AY3oDAKCGg2XkH,0.607,0.649,11,-6.695,0,0.0362,0.0306,2.46e-05,0.174,0.505,102.99600000000001,247627,4,13.98959049998222,0.02071381507164405,Something Just Like This,The Chainsmokers
338,5knuzwU65gJK7IF5yJsuaW,0.72,0.763,9,-4.0680000000000005,0,0.0523,0.406,0.0,0.18,0.742,101.965,251088,4,14.471519038416615,0.016737794856383784,Rockabye (feat. Sean Paul & Anne-Marie),Clean Bandit
339,3EmmCZoqpWOTY1g2GBwJoR,0.647,0.932,11,-3.515,1,0.0824,0.0038299999999999996,1.5e-06,0.0574,0.374,114.991,198774,4,15.879662943366649,0.03345927556257484,Just Hold On,Steve Aoki
340,6gpcs5eMhJwax4mIfKDYQk,0.736,0.795,1,-3.299,0,0.0545,0.498,1.21e-06,0.254,0.511,104.066,230813,4,10.546280206047133,0.03176929565159642,Slide (feat. Frank Ocean & Migos),Calvin Harris
341,4pdPtRcBmOSQDlJ3Fk945m,0.47600000000000003,0.718,8,-5.309,1,0.0576,0.0784,1.0199999999999999e-05,0.122,0.142,199.864,205947,4,13.04748845170201,0.033774154494592465,Let Me Love You,DJ Snake
342,1yNyoWWWikbLhwIGWjZuDW,0.563,0.775,8,-6.433,1,0.0366,0.00251,0.0,0.326,0.45799999999999996,144.945,197793,4,13.400092417559335,0.1578571977495643,All Night,The Vamps
343,0dA2Mk56wEzDgegdC6R17g,0.679,0.634,5,-5.024,0,0.0654,0.23199999999999998,0.0,0.115,0.498,102.01299999999999,210091,4,10.780728139381988,0.02745471419127548,Stay (with Alessia Cara),Zedd
344,23L5CiUhw2jV1OIMwthR3S,0.501,0.519,4,-5.88,0,0.0409,0.109,0.0,0.45399999999999996,0.168,133.99,195707,4,11.64225094268032,0.03745835412656976,In the Name of Love,Martin Garrix
345,5kRBzRZmZTXVg8okC7SJFZ,0.588,0.742,8,-6.757000000000001,1,0.0528,0.0162,3.98e-06,0.653,0.8240000000000001,125.819,228173,4,13.711463154147385,0.03587689386750832,Another Day Of Sun,La La Land Cast
346,2pJZ1v8HezrAoZ0Fhzby92,0.838,0.49200000000000005,1,-5.69,0,0.038,0.251,0.0,0.262,0.895,115.09200000000001,237333,4,13.903037486427113,0.03172836564858527,What Do I Know?,Ed Sheeran
347,0afhq8XCExXpqazXczTSve,0.624,0.8759999999999999,9,-3.3739999999999997,1,0.1,0.0735,0.0,0.327,0.7809999999999999,99.943,170827,4,12.703760416341565,0.05571034717039886,Galway Girl,Ed Sheeran
348,6PCUP3dWmTjcTtXY02oFdT,0.461,0.8340000000000001,2,-4.868,1,0.0989,0.0232,1.1400000000000001e-05,0.14,0.47100000000000003,135.007,261154,4,12.789126354447472,0.031313379434314864,Castle on the Hill,Ed Sheeran
349,5mCPDVBb16L4XQwDdbRUpz,0.804,0.45899999999999996,11,-11.556,1,0.039,0.304,0.0862,0.11,0.37200000000000005,111.963,298941,4,13.43686347122277,0.01301188307256738,Passionfruit,Drake
350,05KOgYg8PGeJyyWBPi5ja8,0.617,0.49200000000000005,10,-7.587999999999999,0,0.44799999999999995,0.0621,0.0,0.484,0.20800000000000002,141.953,218674,4,11.965115440434964,0.01867577940422309,Free Smoke,Drake
351,2bjwRfXMk4uRgOD9IBYl9h,0.924,0.444,1,-8.227,1,0.243,0.0143,0.0,0.26,0.314,136.088,236615,4,9.921107440390694,0.0243717226321943,Portland,Drake
352,3GIlkmoqNZ3FC406hjYWOj,0.9129999999999999,0.608,10,-6.8389999999999995,0,0.23399999999999999,0.0671,0.0,0.5329999999999999,0.578,97.06299999999999,149569,4,14.244339386538837,0.011517492447939408,No Long Talk,Drake
353,2XlHu0HcujBCkWMdIAvrqt,0.7240000000000001,0.5479999999999999,7,-8.062000000000001,0,0.0497,0.0521,7.400000000000001e-06,0.10400000000000001,0.392,98.01700000000001,216558,4,11.53043135961653,0.012575075323853557,Blem,Drake
354,1x5sYLZiu9r5E43kMlt9f8,0.7070000000000001,0.629,0,-4.581,0,0.0563,0.259,1.6e-05,0.138,0.457,122.863,212459,4,12.690292486409984,0.02748130914870759,Symphony (feat. Zara Larsson),Clean Bandit
355,000xQL6tZNLJzIrtIgxqSl,0.748,0.627,7,-6.029,1,0.0644,0.131,0.0,0.0852,0.524,120.963,188491,4,15.58234349871174,0.049233668406401816,Still Got Time,ZAYN
356,152lZdxL1OR0ZMW6KquMif,0.736,0.449,1,-11.462,0,0.425,0.33,0.000162,0.0898,0.326,80.126,219080,4,12.426311145202394,0.04153278843408596,Location,Khalid
357,36ux3YuUsGTWPT8fXclS45,0.62,0.8690000000000001,1,-5.252000000000001,1,0.175,0.0181,0.0,0.369,0.76,151.684,229573,4,9.933050617283953,0.016133735091167778,E.T.,Katy Perry
358,5CtI0qwDJkDQGwXD1H1cLb,0.6940000000000001,0.815,2,-4.328,1,0.12,0.22899999999999998,0.0,0.0924,0.813,88.931,228827,4,15.168141592920351,0.016192496052335085,Despacito - Remix,Luis Fonsi
359,72Q0FQQo32KJloivv5xge2,0.599,0.667,7,-4.2669999999999995,1,0.0367,0.0533,0.0,0.134,0.8170000000000001,80.984,288877,4,10.937177189376174,0.017785435204520524,I'm the One,DJ Khaled
360,3A7qX2QjDlPnazUsRk5y0M,0.5479999999999999,0.65,8,-5.827000000000001,0,0.0591,0.21899999999999997,0.0,0.225,0.557,144.937,194897,4,12.391700258817377,0.03727339450369739,2U (feat. Justin Bieber),David Guetta
361,7qiZfU4dY1lWllzX7mPBI3,0.825,0.652,1,-3.1830000000000003,0,0.0802,0.581,0.0,0.0931,0.9309999999999999,95.977,233713,4,12.087346299665557,0.018912480630325114,Shape of You,Ed Sheeran
362,1F2HXIJrE2Xn81OzT2zZvW,0.726,0.769,6,-5.043,1,0.12300000000000001,0.0293,0.0101,0.10400000000000001,0.733,97.985,233833,4,16.401153612901776,0.01685221587264401,Unforgettable,French Montana
363,4iLqG9SeJSnt0cSPICSjxv,0.774,0.626,3,-4.4319999999999995,0,0.0432,0.0969,3.12e-05,0.0848,0.777,100.041,211475,4,15.852757925493062,0.0530468948752075,Attention,Charlie Puth
364,7KXjTSCq5nL1LoYtL7XAwS,0.9079999999999999,0.621,1,-6.638,0,0.102,0.00028199999999999997,5.39e-05,0.0958,0.42100000000000004,150.011,177000,4,5.447973514978619,0.02047788549297073,HUMBLE.,Kendrick Lamar
365,6kex4EBAj0WHXDKZMEJaaF,0.696,0.8170000000000001,1,-3.862,1,0.109,0.075,0.0,0.187,0.782,98.064,216409,4,12.975519271431546,0.016684783757723524,Swalla (feat. Nicki Minaj & Ty Dolla $ign),Jason Derulo
366,6EpRaXYhGOB3fj4V2uDkMJ,0.8690000000000001,0.485,6,-5.595,1,0.0545,0.24600000000000002,0.0,0.0765,0.527,106.02799999999999,204502,4,13.04303630825251,0.0296891724563028,Strip That Down,Liam Payne
367,4IIUaKqGMElZ3rGtuvYlNc,0.613,0.6809999999999999,8,-3.089,1,0.0778,0.0287,0.0,0.126,0.619,97.62100000000001,204664,4,10.587486650053402,0.019076832204075626,Wild Thoughts,DJ Khaled
368,79cuOz3SPQTuFrp8WgftAu,0.857,0.8,2,-4.035,1,0.0583,0.381,0.0,0.0913,0.966,121.99600000000001,199440,4,14.35819419964749,0.013463262550169042,There's Nothing Holdin' Me Back,Shawn Mendes
369,2eMwDehkIC1j68U6FA3Eiq,0.732,0.75,11,-6.3660000000000005,0,0.231,0.00264,0.0,0.109,0.401,155.096,182707,4,12.652782296853786,0.012749433935405586,XO TOUR Llif3,Lil Uzi Vert
370,6RUKPb4LETWmmr3iAEQktW,0.617,0.635,11,-6.769,0,0.0317,0.0498,1.4400000000000001e-05,0.16399999999999998,0.446,103.01899999999999,247160,4,14.1081030354679,0.020029503157205177,Something Just Like This,The Chainsmokers
371,56lBX2WHqfGuoeZxZvUnVj,0.601,0.8340000000000001,0,-3.78,1,0.0455,0.00502,0.15,0.121,0.249,167.87900000000002,187761,4,11.348786350784431,0.031574433571254425,Thunder,Imagine Dragons
372,6jA8HL9i4QGzsj6fjoxp8Y,0.611,0.644,6,-7.607,0,0.0553,0.124,0.0,0.124,0.13,105.969,221904,4,14.591030772829027,0.032940561770790334,There for You,Martin Garrix
373,3rOSwuTsUlJp0Pu0MkN8r8,0.833,0.434,2,-8.795,1,0.431,0.0102,0.0219,0.165,0.281,150.062,204600,4,5.277461606208668,0.010968883907832062,Mask Off,Future
374,3a1lNhkSLSkpJE4MSHpDu9,0.63,0.804,6,-4.183,1,0.0363,0.215,0.0,0.253,0.49200000000000005,123.146,220293,4,17.239900582631325,0.032345472502279135,Congratulations,Post Malone
375,1sCxVKWImDZSZKvG0U9B23,0.953,0.41,1,-6.542999999999999,1,0.0705,0.175,0.0,0.0768,0.718,121.074,214648,4,14.143330103806226,0.018263528496622286,Bad Liar,Selena Gomez
376,6BaCraQ9xeLYg4Sb9TBT2X,0.893,0.745,11,-3.105,0,0.0571,0.0642,0.0,0.0943,0.872,101.01799999999999,223413,4,10.371033851225542,0.012730766047442265,"Feels (feat. Pharrell Williams, Katy Perry & Big Sean)",Calvin Harris
377,3Ytr1SUCUi6J3L9dRFx5iH,0.738,0.8140000000000001,7,-4.414,0,0.0999,0.132,9.64e-06,0.126,0.483,119.041,225850,4,15.221662326388884,0.01894647489803993,"Know No Better (feat. Travis Scott, Camila Cabello & Quavo)",Major Lazer
378,1SJtlNRJDeYHioymcvsqev,0.33399999999999996,0.617,6,-5.834,0,0.38299999999999995,0.33399999999999996,0.0,0.163,0.603,85.227,216391,4,13.198803786879065,0.02741477546056179,Crying in the Club,Camila Cabello
379,7hDc8b7IXETo14hHIHdnhd,0.809,0.46299999999999997,11,-11.377,1,0.0396,0.256,0.085,0.109,0.364,111.98,298941,4,13.43686347122277,0.01301188307256738,Passionfruit,Drake
380,5Ohxk2dO5COHF1krpoPigN,0.516,0.595,5,-4.63,1,0.0313,0.0275,0.0,0.109,0.222,119.97200000000001,340707,4,9.906187877046825,0.07868389329102671,Sign of the Times,Harry Styles
381,7i2DJ88J7jQ8K7zqFX2fW8,0.67,0.585,6,-4.861000000000001,0,0.0354,0.107,1.11e-06,0.131,0.447,110.03,214802,4,13.169778153726185,0.05891223492011419,Now Or Never,Halsey
382,6HZILIRieu8S0iqY8kIKhj,0.638,0.523,1,-6.664,1,0.35700000000000004,0.00454,0.0,0.0842,0.42200000000000004,139.91299999999998,185947,4,15.491590719136774,0.007208314131785355,DNA.,Kendrick Lamar
383,6onLnWywmbSnXDFPVY1mM6,0.633,0.792,1,-6.968,1,0.149,0.185,0.000185,0.152,0.9179999999999999,175.795,217133,4,12.883346490524092,0.009920134584564488,Genie in a Bottle,Christina Aguilera
384,2rb5MvYT7ZIxbKW5hfcHx8,0.5429999999999999,0.677,11,-4.915,0,0.0993,0.0148,6.21e-06,0.13,0.294,103.809,189440,4,13.055989497233794,0.036472696890166745,Mi Gente,J Balvin
385,2ekn2ttSfGqwhhate0LSR0,0.762,0.7,9,-6.021,0,0.0694,0.0026100000000000003,1.56e-05,0.153,0.608,116.073,209320,4,14.065556955292404,0.014626970879038775,New Rules,Dua Lipa
386,25C5CowdsfXld2jJanbiex,0.701,0.638,11,-6.888999999999999,0,0.23800000000000002,0.0252,0.0,0.256,0.868,144.084,203760,4,14.840762656147273,0.02392948982929964,Sorry Not Sorry,Demi Lovato
387,7F9vK8hNFMml4GtHsaXui6,0.6829999999999999,0.53,5,-4.918,0,0.142,0.207,0.0,0.39399999999999996,0.645,75.016,190428,4,11.995235376104429,0.030364465576214132,Back to You (feat. Bebe Rexha & Digital Farm Animals),Louis Tomlinson
388,4xBjsLUSjcx2h7PcRikpQp,0.655,0.5760000000000001,5,-6.735,0,0.0536,0.0295,0.115,0.132,0.16699999999999998,139.953,228893,4,9.332536928820712,0.02780388077218456,OMG,Camila Cabello
389,7fBHjuqAIVOdy5xoNxy5YQ,0.669,0.579,5,-6.341,1,0.0468,0.131,0.0,0.19,0.66,123.979,201159,4,13.769410567013686,0.029772111804215507,Weak,AJR
390,22L7bfCiAkJo5xGSQgmiIO,0.541,0.8029999999999999,1,-3.284,1,0.0738,0.0796,1.7100000000000002e-05,0.17600000000000002,0.221,142.135,299613,4,7.373619744895822,0.02728867979231121,All Of The Lights,Kanye West
391,0GfXd2we2wXxAeHoy5fRsM,0.5770000000000001,0.687,8,-7.601,1,0.0471,0.0113,4.42e-06,0.11199999999999999,0.29100000000000004,124.956,225520,4,15.466925545545028,0.043151254132081866,Numb,Usher
392,5sAlmL7Qp9N9BJTADkwEt9,0.616,0.862,7,-5.18,0,0.0973,0.00117,0.0,0.179,0.569,127.992,234693,4,14.209365561588266,0.0183761219968428,Scream,Usher
393,0aBKFfdyOD1Ttvgv0cfjjJ,0.551,0.893,7,-2.628,1,0.0543,0.0016600000000000002,0.0,0.348,0.794,125.083,219987,4,18.804954309251254,0.018097592408470208,More - RedOne Jimmy Joker Remix,Usher
394,5MFzQMkrl1FOOng9tq6R9r,0.7829999999999999,0.623,7,-6.126,1,0.08,0.33799999999999997,0.0,0.0975,0.447,100.04799999999999,214480,4,10.4235053784034,0.023314644026196304,Don't Wanna Know,Maroon 5
395,4OZEu0Vwq0RB2LAq14v99n,0.611,0.7,9,-5.331,1,0.0436,0.0199,0.0,0.0549,0.213,104.98100000000001,220573,4,12.229542585579564,0.1175199095456412,Middle,DJ Snake
396,6lDo13SSgTv0WbyUQKgnjk,0.736,0.879,9,-3.782,0,0.0696,0.0369,0.000736,0.233,0.757,107.976,166138,4,12.120314804455068,0.015815249329599643,Light It Up (feat. Nyla & Fuse ODG) - Remix,Major Lazer
397,5ojMDcYCghyRb4JSI7JL0Z,0.727,0.639,4,-4.223,1,0.0781,0.35200000000000004,0.0,0.10300000000000001,0.529,99.955,181880,4,15.015983631967266,0.03946039238212661,Starving,Hailee Steinfeld
398,2rizacJSyD9S1IQUxUxnsK,0.662,0.586,0,-8.821,1,0.0307,0.09699999999999999,0.0027199999999999998,0.115,0.29600000000000004,90.0,194080,4,18.585451582919177,0.030301494631829712,All We Know,The Chainsmokers
399,4dASQiO1Eoo3RJvt74FtXB,0.502,0.7859999999999999,9,-4.378,0,0.317,0.255,0.0,0.65,0.7390000000000001,169.021,243491,4,11.227743543059884,0.014444834530772053,"Sucker For Pain (with Wiz Khalifa, Imagine Dragons, Logic & Ty Dolla $ign feat. X Ambassadors)",Lil Wayne
400,46NBoIAHrmR7qcUGCIFEjR,0.36700000000000005,0.915,9,-3.4560000000000004,0,0.0488,0.0022,5.8099999999999996e-05,0.0905,0.365,110.169,207273,4,13.134932249789088,0.03225840042100324,This One's for You (feat. Zara Larsson) (Official Song UEFA EURO 2016),David Guetta
401,6WhzFzROw3aq3rPWjgYlxr,0.6,0.41200000000000003,8,-9.343,1,0.344,0.615,0.0025,0.134,0.408,113.04899999999999,225882,5,15.01276438860816,0.038850563374915895,Gold,Kiiara
402,6m1Jen5wJ51oSbOXNR4pMw,0.6809999999999999,0.774,1,-3.167,0,0.0787,0.0992,0.0,0.35,0.267,102.92399999999999,162425,4,11.141744263755848,0.015984455731691022,Let Me Hold You (Turn Me On),Cheat Codes
403,5NNlUMcOEOdoOIwwaWXv0k,0.703,0.715,9,-6.285,0,0.114,0.139,0.0,0.0456,0.49700000000000005,99.92399999999999,234308,4,13.933400836128873,0.035413804113816824,Cold,Maroon 5
404,0Zxswuv5xzIhxDnsKJLq82,0.561,0.674,4,-4.882,0,0.0818,0.11800000000000001,0.0,0.111,0.38299999999999995,148.127,208733,4,12.910273401374026,0.08514661515254905,Mercy,Shawn Mendes
405,6s3GEN8wK0OMzzzZbXj0fu,0.565,0.8490000000000001,0,-3.516,0,0.0517,0.00868,4.68e-06,0.12,0.42700000000000005,102.03399999999999,212647,4,16.225566120968534,0.04840645343211435,Hymn for the Weekend - Seeb Remix,Coldplay
406,7vRriwrloYVaoAe3a9wJHe,0.49200000000000005,0.275,6,-13.4,0,0.3,0.687,0.0,0.10099999999999999,0.18,92.6,251034,4,12.108711748598573,0.13951103454505875,"i hate u, i love u (feat. olivia o'brien)",gnash
407,42ydLwx4i5V49RXHOozJZq,0.573,0.7390000000000001,0,-5.74,1,0.129,0.0285,0.0,0.111,0.451,97.085,230227,4,9.815813148788928,0.023189190618411213,Scars To Your Beautiful,Alessia Cara
408,15O20RQyWJgKrkHID9ynT9,0.44299999999999995,0.5579999999999999,0,-5.436,1,0.0624,0.441,0.0,0.163,0.248,116.838,233337,4,9.239166695843984,0.02280415049833829,Never Be Like You,Flume
409,0ADG9OgdVTL7fgREP75BrZ,0.5760000000000001,0.782,6,-4.825,0,0.0296,0.00778,0.0,0.285,0.355,141.153,224031,4,19.288100321725413,0.0222380853816457,Ain't My Fault,Zara Larsson
410,0CNjoQozZP0mB9rKVdrKGx,0.557,0.7909999999999999,7,-5.771,1,0.138,0.12,0.0,0.397,0.85,104.90799999999999,231813,4,18.482287326388892,0.028870059534748263,Toothbrush,DNCE
411,3tJ4y2Zqx6gM9xOAuFfsSF,0.674,0.6940000000000001,9,-7.0760000000000005,0,0.109,0.313,7.17e-06,0.0752,0.203,101.993,199179,4,13.730780469050364,0.04475216815714879,Cool Girl,Tove Lo
412,3CJvmtWw2bJsudbAC5uCQk,0.8109999999999999,0.499,5,-7.1610000000000005,0,0.11800000000000001,0.0147,2.44e-06,0.342,0.466,111.016,200680,4,13.41962733176659,0.021317881100476752,Hands To Myself,Selena Gomez
413,21xJVN5wEbJogczYxfZhqR,0.794,0.647,0,-6.232,1,0.0628,0.158,0.0,0.139,0.345,145.945,291893,4,14.332614888114609,0.016838873842862638,Black Beatles,Rae Sremmurd
414,46jLy47W8rkf8rEX04gMKB,0.552,0.6890000000000001,10,-6.444,0,0.0425,0.0915,0.0,0.27,0.349,99.961,169773,4,15.383824992469947,0.03346854575002419,Wherever I Go,OneRepublic
415,3RiPr603aXAoi4GHyXx0uy,0.49,0.743,0,-5.155,0,0.0409,0.255,7.21e-06,0.3,0.363,89.97399999999999,258827,4,12.320707703861348,0.029377746164131108,Hymn for the Weekend,Coldplay
416,53Y0kdCa1CZ9gRqEuknfwy,0.599,0.8690000000000001,0,-3.697,1,0.0789,0.0525,0.00719,0.10300000000000001,0.593,108.061,193333,4,12.836543209876542,0.01837255786128395,Bang My Head (feat. Sia & Fetty Wap),David Guetta
417,6QzJcnl5cvlDHVrx9mhE99,0.885,0.8009999999999999,11,-4.716,0,0.0882,0.225,1.65e-06,0.0733,0.466,95.01100000000001,192376,4,17.657081357557676,0.03650324851947275,Hide Away,Daya
418,7wahqDDzUPpJy91bVFHUF3,0.828,0.56,0,-6.685,1,0.0327,0.5479999999999999,3.66e-05,0.15,0.872,122.054,198001,4,13.408017637117052,0.013181481909668736,Fresh Eyes,Andy Grammer
419,6vnDoUOHTiVB5DvX18tJon,0.597,0.531,3,-6.83,0,0.0295,0.0685,3.72e-06,0.0617,0.271,74.938,262521,4,14.805245503938893,0.0444539110263369,Say It,Flume
420,0OwX5aROoW1Iip8FV51Efg,0.7559999999999999,0.589,0,-5.093,1,0.23199999999999998,0.0812,0.0,0.17600000000000002,0.8109999999999999,146.928,205593,4,16.649325486135115,0.02187746548790949,Alarm,Anne-Marie
421,0PAj9Y5kFEzhGeWkockoxv,0.741,0.626,1,-4.8260000000000005,0,0.0886,0.02,0.0,0.0828,0.706,108.029,188493,4,13.490242053100035,0.022080627493339392,Wild Things,Alessia Cara
422,0i7bg5CcqyaceKjXaPXywN,0.63,0.735,5,-4.787,0,0.037000000000000005,0.0051600000000000005,1.96e-06,0.261,0.217,86.993,193893,4,12.291877703724053,0.02849755147685556,Body Say,Demi Lovato
423,0YHUITU3w6ws1v8ehT264g,0.774,0.7390000000000001,0,-4.022,1,0.0952,0.0316,5.95e-06,0.11900000000000001,0.823,126.00200000000001,246240,4,15.491248804336273,0.0225874923680812,Shout Out to My Ex,Little Mix
424,0nhBKubnVz9yFNNprBniWz,0.628,0.737,7,-4.437,1,0.040999999999999995,0.0625,0.0,0.0777,0.5920000000000001,91.507,185194,4,12.263517475709088,0.061390706373497875,YOUTH,Troye Sivan
425,1D3ODoXHBLpdxolZRHWV1j,0.696,0.743,6,-3.838,1,0.0331,0.0778,0.0,0.0581,0.644,122.978,201254,4,14.988050075495195,0.050704447566955566,By Your Side,Jonas Blue
426,7wGoVu4Dady5GV0Sv4UIsx,0.5770000000000001,0.522,5,-6.593999999999999,0,0.0984,0.13,9.03e-05,0.142,0.11900000000000001,159.77200000000002,218320,4,12.309291359166686,0.01810418032261407,rockstar,Post Malone
427,5UEnHoDYpsxlfzWLZIc7LD,0.757,0.748,8,-5.794,0,0.473,0.17,0.0,0.0759,0.693,90.052,221013,4,13.567053769895606,0.010002185531742432,River (feat. Ed Sheeran),Eminem
428,0ofbQMrRDsUaVKq2mGLEAb,0.768,0.517,7,-4.323,0,0.0312,0.18600000000000003,3.8e-05,0.10400000000000001,0.418,104.992,216897,4,13.139265292939081,0.0649983084524136,Havana,Camila Cabello
429,0bYg9bo50gSsH3LtXe2SQn,0.335,0.625,7,-7.462000000000001,1,0.0386,0.16399999999999998,0.0,0.0708,0.34600000000000003,150.27700000000002,241107,4,10.921718459462316,0.03063952970194153,All I Want for Christmas Is You,Mariah Carey
430,2XW4DbS6NddZxRPm5rMCeY,0.758,0.44799999999999995,7,-9.441,1,0.10300000000000001,0.0309,8.669999999999999e-05,0.5579999999999999,0.373,77.176,198960,4,19.391332874504744,0.013343530590939208,God's Plan,Drake
431,3Vo4wInECJQuz9BIBMOu8i,0.7040000000000001,0.8590000000000001,5,-4.877,0,0.0996,0.0185,0.0,0.0215,0.9259999999999999,105.115,217289,4,15.922791044584185,0.017912764651983267,Finesse - Remix; feat. Cardi B,Bruno Mars
432,76cy1WJvNGJTj78UqeA5zr,0.836,0.544,7,-5.975,1,0.0943,0.0403,0.0,0.0824,0.51,97.02799999999999,217947,4,12.811855299219653,0.0497656586834507,IDGAF,Dua Lipa
433,4eWQlBRaTjPPUlzacqEeoQ,0.637,0.713,0,-4.333,1,0.0747,0.18100000000000002,0.000637,0.13699999999999998,0.243,129.923,226973,4,12.964821336485205,0.03247753132878973,Never Be the Same,Camila Cabello
434,12SJpYZEdj4kzWZ8FPFg4Y,0.715,0.62,5,-5.428,0,0.0507,0.0322,0.0142,0.0881,0.456,96.81200000000001,235540,4,12.029775977800925,0.03869781001253971,All The Stars (with SZA),Kendrick Lamar
435,5AEtlRudpgdT5FtNiuly6Y,0.659,0.7170000000000001,8,-4.202,1,0.0581,0.0393,0.0,0.0769,0.71,103.036,174800,4,13.833839881621197,0.02637817718111629,"Let Me Go (with Alesso, Florida Georgia Line & watt)",Hailee Steinfeld
436,09IStsImFySgyp0pIQdqAc,0.753,0.657,7,-3.0610000000000004,1,0.0449,0.171,0.0,0.11199999999999999,0.43700000000000006,107.01,184732,4,16.060111994254715,0.027580959832325,The Middle,Zedd
437,630sXRhIcfwr2e4RdNtjKN,0.684,0.619,10,-7.005,1,0.0386,0.0716,0.0,0.122,0.284,125.046,217440,4,15.890451059167276,0.056788204352696124,Rewrite The Stars,Zac Efron
438,1mXVgsBdtIVeCLJnSnmtdV,0.698,0.375,5,-8.279,1,0.0491,0.652,0.0,0.17300000000000001,0.534,91.92,201000,4,9.710855289264773,0.032659801594940994,Too Good At Goodbyes,Sam Smith
439,2xmrfQpmS2iJExTlklLoAL,0.638,0.6579999999999999,3,-6.318,1,0.0456,0.245,3.77e-06,0.0919,0.33,105.07600000000001,205748,4,14.290036592455802,0.025170003610836017,I Miss You (feat. Julia Michaels),Clean Bandit
440,3hBBKuWJfxlIlnd9QFoC8k,0.795,0.615,5,-5.211,0,0.0671,0.0786,2.98e-06,0.0855,0.39299999999999996,110.009,199849,4,12.216368900501378,0.03657176123435563,What Lovers Do (feat. SZA),Maroon 5
441,7vGuf3Y35N4wmASOKLUVVU,0.52,0.7609999999999999,4,-3.093,1,0.0853,0.256,4.96e-06,0.17,0.28600000000000003,141.971,180823,4,13.820047626573382,0.028421030620367993,Silence,Marshmello
442,2xGjteMU3E1tkEPVFBO08U,0.284,0.7040000000000001,2,-7.276,1,0.18600000000000003,0.00583,0.00011499999999999999,0.0424,0.1,191.702,234707,4,13.528131043961167,0.10002519465572787,This Is Me,Keala Settle
443,2DQ1ITjI0YoLFzuADN1ZBW,0.838,0.7709999999999999,1,-3.7910000000000004,1,0.244,0.0117,0.0,0.0853,0.405,175.957,245387,4,9.012283462761186,0.038701201021902304,No Limit,G-Eazy
444,6QgjcU0zLnzq5OrUoSZ3OK,0.8009999999999999,0.795,1,-5.115,0,0.0504,0.0417,0.000113,0.0717,0.754,79.028,163253,4,9.457300275482094,0.0378871806881575,Feel It Still,Portugal. The Man
445,6ZNo7Vi0TE9ul1fhKd4S1M,0.7340000000000001,0.667,2,-4.996,1,0.0871,0.092,2.12e-05,0.10400000000000001,0.165,100.57799999999999,211440,4,11.797494658218055,0.037537217202476096,Pray For Me (with Kendrick Lamar),The Weeknd
446,7dt6x5M1jzdTEt8oCbisTK,0.68,0.563,10,-5.843,1,0.0454,0.354,0.0,0.136,0.374,145.028,231267,4,12.080387362841533,0.03983665116423067,Better Now,Post Malone
447,1cTZMwcBJT0Ka3UJPXOeeN,0.5670000000000001,0.9129999999999999,8,-6.471,1,0.0736,0.0934,0.000124,0.114,0.792,93.35,210926,4,13.659470348454963,0.05560275746475382,Nice For What,Drake
448,5SxkdsY1ufZzoq9iXceLw9,0.703,0.696,0,-5.482,1,0.0529,0.0375,5.65e-06,0.27399999999999997,0.366,121.969,205947,4,15.909220420229365,0.029991403458114862,no tears left to cry,Ariana Grande
449,7ef4DlsgrMEH11cDZd32M6,0.7909999999999999,0.862,9,-3.24,0,0.11,0.037000000000000005,2.1899999999999997e-05,0.0814,0.5920000000000001,123.994,214847,4,16.70379962192817,0.04834907676152162,One Kiss (with Dua Lipa),Calvin Harris
450,08bNPGLD8AhKpnnERrAc6G,0.626,0.88,9,-2.384,0,0.0504,0.205,0.0,0.128,0.534,95.079,202621,4,13.123879420982895,0.01522754140940096,FRIENDS,Marshmello
451,58q2HKrzhC3ozto2nDdN4z,0.816,0.726,5,-3.998,0,0.129,0.099,0.0,0.37200000000000005,0.65,136.048,253390,4,15.03367951046452,0.01241175896683119,I Like It,Cardi B
452,10Igtw8bSDyyFs7KIsKngZ,0.755,0.599,8,-5.042,1,0.22399999999999998,0.147,0.0,0.109,0.755,133.123,216632,4,10.8464479455217,0.03113310032774267,Freaky Friday (feat. Chris Brown),Lil Dicky
453,2ARqIya5NAuvFVHSN3bL0m,0.748,0.652,7,-3.02,1,0.057999999999999996,0.20800000000000002,0.0,0.128,0.431,106.914,184732,4,16.195161129378093,0.026794895187033714,The Middle,Zedd
454,45Egmo7icyopuzJN0oMEdk,0.708,0.648,6,-5.626,1,0.0449,0.0956,0.0,0.134,0.33799999999999997,143.955,201707,4,17.468524701214495,0.03278435812735099,Love Lies (with Normani),Khalid
455,4qKcDkK6siZ7Jp1Jb4m0aL,0.922,0.581,10,-7.495,1,0.27,0.0010400000000000001,5.8599999999999995e-05,0.105,0.595,140.02200000000002,181263,4,14.401901832379684,0.012969968502050613,Look Alive (feat. Drake),BlocBoy JB
456,5CLGzJsGqhCEECcpnFQA8x,0.653,0.809,0,-4.0569999999999995,1,0.0474,0.19399999999999998,0.0,0.165,0.55,92.213,210773,4,10.060344496074347,0.024479670520837844,These Days,Rudimental
457,79jX8RM5CgPqDKdGEKNW9K,0.628,0.715,5,-7.097,1,0.0541,0.0524,0.0,0.11900000000000001,0.429,139.991,211600,4,14.880679800490704,0.0922467208432704,In My Blood,Shawn Mendes
458,7uzmGiiJyRfuViKKK3lVmR,0.71,0.789,4,-3.8739999999999997,1,0.0722,0.0161,2.77e-06,0.451,0.7170000000000001,142.929,131064,4,11.664559174873256,0.025773984161913642,Mine,Bazzi
459,7iDa6hUg2VgEL1o1HjmfBn,0.643,0.7829999999999999,10,-6.457999999999999,1,0.0856,0.047,0.0,0.083,0.579,154.084,163870,4,15.828714308852794,0.048451817447462575,Meant to Be (feat. Florida Georgia Line),Bebe Rexha
460,6mAz8D1TmlTuef90dbNIiZ,0.8759999999999999,0.519,11,-6.531000000000001,1,0.14300000000000002,0.20199999999999999,0.0,0.10800000000000001,0.158,94.98100000000001,175230,4,10.737890022206333,0.04515493334857541,Plug Walk,Rich The Kid
461,6RX5iL93VZ5fKmyvNXvF1r,0.447,0.6940000000000001,7,-4.637,0,0.382,0.0293,5.46e-06,0.16699999999999998,0.509,175.868,227853,4,11.188641919420553,0.02082547977929957,Irreplaceable,Beyoncé
462,3Q4WeJmzxuDpzMu9QjQqbM,0.7120000000000001,0.647,7,-4.277,1,0.0336,0.239,0.0,0.0955,0.292,113.116,268120,4,15.440435866095324,0.0370051146153374,Big Girls Don't Cry (Personal),Fergie
463,2aIdVb8v9KTpEZnftkz2mD,0.451,0.55,1,-8.137,1,0.262,0.0108,0.0,0.0737,0.594,80.001,227960,4,7.8509963386920285,0.015813900711898067,Buy U a Drank (Shawty Snappin'),T-Pain
464,0ZUo4YjG4saFnEJhdWp9Bt,0.519,0.7490000000000001,6,-3.318,0,0.0405,0.271,0.0,0.11900000000000001,0.29,147.905,199947,4,10.649253540003496,0.09099389636641128,Before He Cheats,Carrie Underwood
465,4RCWB3V8V0dignt99LZ8vH,0.657,0.29100000000000004,2,-10.572000000000001,1,0.0293,0.872,0.0,0.114,0.298,103.973,232533,4,12.851017521733255,0.1210041521065556,Hey There Delilah,Plain White T's
466,5qRoxgyvBkvgvOo20wtPhS,0.873,0.8690000000000001,1,-6.2379999999999995,1,0.133,0.047,0.000722,0.0463,0.7979999999999999,116.943,223520,4,11.480505671077502,0.01839146990670844,Say It Right,Nelly Furtado
467,11cDEev79fPKi6uJCjUhu8,0.51,0.835,3,-4.673,1,0.0447,0.007909999999999999,0.0,0.21899999999999997,0.435,140.024,226747,4,13.363138422497347,0.02534862396387021,Who Do You Love,The Chainsmokers
468,4kV4N9D1iKVxx1KLvtTpjS,0.726,0.5539999999999999,5,-5.29,0,0.0917,0.0421,0.0,0.106,0.335,169.99900000000002,190440,4,7.990891632373113,0.033976608595898336,"break up with your girlfriend, i'm bored",Ariana Grande
469,0rTV5WefWd1J3OwIheTzxM,0.9,0.4,0,-8.443,1,0.124,0.0501,0.0,0.0876,0.33799999999999997,136.001,197487,4,9.169538508612932,0.036238259673067964,Talk,Khalid
470,6ocbgoVGwYJhOv1GgI9NsF,0.778,0.317,1,-10.732000000000001,0,0.33399999999999996,0.5920000000000001,0.0,0.0881,0.327,140.048,178627,4,12.059998733610218,0.02665490017044434,7 rings,Ariana Grande
471,6MWtB6iiXyIwun0YzU6DFP,0.833,0.539,11,-7.399,0,0.17800000000000002,0.163,2.1000000000000002e-06,0.10099999999999999,0.385,99.947,149520,4,12.299620245416731,0.03262366419330386,Wow.,Post Malone
472,7dbka99KTWke5o9hRp0JoB,0.7609999999999999,0.479,2,-5.574,1,0.0466,0.552,0.0,0.0704,0.912,89.913,158040,4,12.067428151365426,0.04881714735522391,Sunflower - Spider-Man: Into the Spider-Verse,Post Malone
473,3e9HZxeyfWwjeyPAMmWSSQ,0.7170000000000001,0.653,1,-5.6339999999999995,1,0.0658,0.22899999999999998,0.0,0.10099999999999999,0.41200000000000003,106.96600000000001,207320,4,12.996175554016624,0.01995399238492797,"thank u, next",Ariana Grande
474,2dpaYNEQHiRxtZbfNsse99,0.687,0.792,5,-2.7489999999999997,1,0.0452,0.191,0.0,0.16699999999999998,0.6709999999999999,100.015,214290,4,12.02752678222903,0.02579093123715377,Happier,Marshmello
475,2VxeLyX666F8uXCJ0dZF8B,0.5720000000000001,0.385,7,-6.362,1,0.0308,0.371,0.0,0.231,0.32299999999999995,95.79899999999999,215733,4,10.745215419501132,0.12270001656868787,Shallow,Lady Gaga
476,5p7ujcrUXASCNwRaWNHR1C,0.752,0.488,6,-7.05,1,0.0705,0.297,9.11e-06,0.0936,0.5329999999999999,136.041,201661,4,14.497900429991937,0.03242872716912325,Without Me,Halsey
477,2JvzF1RMd7lE3KmFlsyZD8,0.8370000000000001,0.364,8,-11.713,1,0.276,0.149,0.0,0.271,0.46299999999999997,123.984,213594,4,8.58887912326389,0.02755450346355197,MIDDLE CHILD,J. Cole
478,4w8niZpiMy6qz1mntFA5uM,0.841,0.7979999999999999,1,-4.206,0,0.22899999999999998,0.153,3.33e-06,0.0618,0.591,95.948,212500,4,7.423689939486643,0.010915451799252974,"Taki Taki (with Selena Gomez, Ozuna & Cardi B)",DJ Snake
479,116H0KvKr2Zl4RPuVBruDO,0.8170000000000001,0.539,6,-6.349,0,0.0621,0.0141,0.000496,0.099,0.158,97.06200000000001,210368,4,15.105139998386186,0.016259455392657263,MIA (feat. Drake),Bad Bunny
480,2IRZnDFmlqMuOrYOLnZZyc,0.889,0.496,4,-6.365,0,0.0905,0.259,0.0,0.252,0.544,86.00299999999999,180522,4,15.000996869092631,0.012726432748903995,Going Bad (feat. Drake),Meek Mill
481,2xLMifQCjDGFmkHkpNLD9h,0.8340000000000001,0.73,8,-3.714,1,0.222,0.00513,0.0,0.124,0.446,155.00799999999998,312820,4,12.993008072205921,0.02417842547710605,SICKO MODE,Travis Scott
482,3oh6SCCeLuXhFpEyepla6G,0.9059999999999999,0.382,10,-12.89,0,0.26899999999999996,0.18,0.0,0.113,0.391,104.025,129264,4,9.051894967211027,0.02444843698345768,Thotiana,Blueface
483,7FGq80cy8juXBCD2nrqdWU,0.632,0.6859999999999999,6,-7.665,0,0.243,0.5489999999999999,0.0,0.2,0.32899999999999996,89.949,170770,4,14.511863727020463,0.02368713008602133,Eastside (with Halsey & Khalid),benny blanco
484,0FZ4Dmg8jJJAPJnvBIzD9z,0.861,0.603,8,-5.787999999999999,0,0.17600000000000002,0.0521,0.0,0.0924,0.504,98.04299999999999,228760,4,11.711111258308225,0.0210951795322203,ZEZE,Kodak Black
485,7fa9MBXhVfQ8P8Df9OEbD8,0.851,0.541,0,-6.825,1,0.0505,0.568,0.0,0.13,0.44799999999999995,124.959,235545,4,10.685008240813566,0.02156408521918361,Girls Like You (feat. Cardi B),Maroon 5
486,1xzBco0xcoJEDXktl7Jxrr,0.7290000000000001,0.625,4,-5.266,1,0.0315,0.19399999999999998,0.009859999999999999,0.248,0.261,146.034,183907,4,12.434609492426869,0.013534913388637415,Mo Bamba,Sheck Wes
487,6hzbRKhJHo6cfCHSnNaDS8,0.467,0.41,2,-12.027999999999999,1,0.185,0.32799999999999996,4.28e-05,0.113,0.136,95.931,500960,4,10.99946705573817,0.0996451291946306,"God Is Fair, Sexy Nasty (feat. Kendrick Lamar)",Mac Miller
488,6ol4ZSifr7r3Lb2a9L5ZAB,0.7809999999999999,0.599,7,-6.501,1,0.0436,0.0109,1.12e-06,0.109,0.608,120.053,193467,4,14.184933333333333,0.017382487885073062,Call Me Maybe,Carly Rae Jepsen
>>>>>>> c2992c98bf91b8220912cfb9de1863e991365206
